dataset,target_id,Ncryst
training,1A3A_A,184
training,1A73_A,173
training,1ABA_A,41
training,1AL3_A,112
training,1AOH_A,162
training,1AOL_A,158
training,1BDO_A,42
training,1BHE_A,277
training,1BKR_A,155
training,1BRT_A,207
training,1BU8_A,228
training,1BYF_A,67
training,1BYR_A,130
training,1C0P_A,352
training,1C1D_A,290
training,1C1K_A,272
training,1C4Q_A,37
training,1C75_A,80
training,1C8U_A,156
training,1CC8_A,100
training,1CJW_A,162
training,1CQ3_A,135
training,1CRU_A,433
training,1CSB_B,186
training,1CY5_A,52
training,1D0Q_A,61
training,1D2N_A,99
training,1D4T_A,130
training,1D5T_A,345
training,1D8W_A,307
training,1DBW_A,58
training,1DC1_A,191
training,1DD9_A,147
training,1DFU_P,68
training,1DOW_A,170
training,1DS1_A,316
training,1DZF_A,140
training,1E0C_A,215
training,1E29_A,83
training,1E58_A,365
training,1E5K_A,118
training,1E6U_A,112
training,1E7L_A,108
training,1E9G_A,396
training,1EAJ_A,77
training,1EG3_A,111
training,1EI5_A,264
training,1EKQ_A,111
training,1ELU_A,287
training,1EOK_A,259
training,1EUV_A,134
training,1EWF_A,216
training,1EZW_A,142
training,1F32_A,103
training,1F46_A,171
training,1F9V_A,216
training,1FN9_A,375
training,1FSG_A,341
training,1FTR_A,140
training,1FYE_A,162
training,1G12_A,124
training,1G3P_A,205
training,1G60_A,116
training,1G6G_A,153
training,1G8M_A,381
training,1GHE_A,67
training,1GK9_B,550
training,1GL2_C,71
training,1GMI_A,52
training,1GMU_A,113
training,1GMX_A,58
training,1GO3_E,98
training,1GO3_F,77
training,1GOI_A,284
training,1GP0_A,115
training,1GP6_A,289
training,1GPJ_A,197
training,1GQE_A,226
training,1GSA_A,128
training,1GV9_A,169
training,1GXY_A,257
training,1H12_A,344
training,1H6F_A,166
training,1H6K_X,32
training,1H70_A,141
training,1H72_C,123
training,1HE1_A,77
training,1HH8_A,157
training,1HP1_A,624
training,1HQS_A,244
training,1HXR_A,77
training,1HYP_A,38
training,1HZT_A,117
training,1I2T_A,51
training,1I58_A,83
training,1I8A_A,154
training,1IOM_A,386
training,1IQ4_A,72
training,1IT2_A,134
training,1IZC_A,269
training,1J27_A,111
training,1J2R_A,260
training,1J5U_A,74
training,1J98_A,134
training,1JB7_A,203
training,1JBW_A,284
training,1JET_A,381
training,1JF8_A,157
training,1JHD_A,329
training,1JHJ_A,83
training,1JID_A,94
training,1JIW_I,99
training,1JKE_A,75
training,1JKG_A,56
training,1JNI_A,36
training,1JO0_A,69
training,1JOV_A,108
training,1JP4_A,281
training,1JR2_A,113
training,1JU2_A,602
training,1JUB_A,285
training,1JUH_A,288
training,1JW9_B,91
training,1JYA_A,42
training,1JYH_A,160
training,1JYK_A,139
training,1K3X_A,285
training,1K7K_A,250
training,1K8K_D,147
training,1K8K_F,133
training,1KAF_A,101
training,1KDG_A,549
training,1KFW_A,364
training,1KGD_A,74
training,1KGS_A,163
training,1KJQ_A,343
training,1KKO_A,459
training,1KPT_A,57
training,1KQ1_A,52
training,1KQ6_A,38
training,1KRH_A,260
training,1KVE_B,44
training,1KYF_A,156
training,1KZQ_A,172
training,1L7A_A,254
training,1L8R_A,92
training,1L9L_A,66
training,1L9X_A,215
training,1LC0_A,356
training,1LF7_A,179
training,1LLM_C,88
training,1LO7_A,104
training,1LQV_A,111
training,1LSL_A,56
training,1LWB_A,123
training,1M0W_A,294
training,1M2D_A,70
training,1M55_A,241
training,1M65_A,182
training,1M6S_A,256
training,1M9Z_A,145
training,1MBA_A,77
training,1MBM_A,92
training,1MGQ_A,38
training,1MIX_A,146
training,1MK4_A,152
training,1MOQ_A,178
training,1MPX_A,537
training,1MS9_A,546
training,1MTZ_A,174
training,1MUS_A,193
training,1MV8_A,280
training,1MW9_X,263
training,1N12_A,74
training,1N3L_A,148
training,1N57_A,316
training,1N71_A,83
training,1N7S_C,54
training,1N7Z_A,127
training,1N9P_A,124
training,1NC7_A,103
training,1NJK_A,73
training,1NKD_A,76
training,1NLF_A,265
training,1NLQ_A,77
training,1NNH_A,144
training,1NQZ_A,100
training,1NTH_A,250
training,1NUU_A,96
training,1NUY_A,127
training,1NXU_A,241
training,1NYK_A,130
training,1NZ0_A,89
training,1NZJ_A,283
training,1NZY_A,212
training,1O1Z_A,279
training,1O4Y_A,332
training,1O50_A,84
training,1O69_A,169
training,1O6A_A,42
training,1O7I_A,137
training,1O8X_A,159
training,1O97_C,183
training,1O9I_A,331
training,1OA8_A,82
training,1OEY_A,29
training,1OF8_A,347
training,1OH4_A,134
training,1OI0_A,43
training,1OI2_A,237
training,1OI7_A,377
training,1ON2_A,69
training,1ONW_A,166
training,1OQ1_A,232
training,1ORU_A,144
training,1OSY_A,57
training,1OU8_A,90
training,1OYG_A,338
training,1P1J_A,389
training,1P5Z_B,94
training,1P6O_A,169
training,1PBY_A,452
training,1PBY_B,332
training,1PKH_A,124
training,1PKO_A,92
training,1PSR_A,133
training,1PVG_A,129
training,1PXZ_A,253
training,1PYO_B,92
training,1Q6O_A,226
training,1Q6Z_A,557
training,1Q7L_A,245
training,1Q9U_A,74
training,1QAZ_A,151
training,1QCX_A,159
training,1QD1_A,256
training,1QDB_A,190
training,1QKS_A,733
training,1QNA_A,90
training,1QNR_A,321
training,1QQ5_A,148
training,1QQP_1,115
training,1QQP_4,22
training,1QS1_A,321
training,1QSA_A,564
training,1QST_A,87
training,1QWG_A,184
training,1QWR_A,188
training,1R0U_A,121
training,1R26_A,102
training,1R45_A,259
training,1R4X_A,223
training,1R5M_A,271
training,1R62_A,72
training,1R6D_A,218
training,1R6W_A,292
training,1R7J_A,127
training,1RGX_A,39
training,1RJD_A,307
training,1RK8_C,17
training,1RLI_A,63
training,1RP0_A,199
training,1RTT_A,145
training,1RWZ_A,154
training,1RYL_A,110
training,1RYO_A,495
training,1S12_A,38
training,1S21_A,68
training,1S2O_A,310
training,1S99_A,114
training,1S9R_A,459
training,1S9U_A,206
training,1SAU_A,148
training,1SBX_A,76
training,1SBY_A,303
training,1SFS_A,305
training,1SFU_A,28
training,1SGM_A,105
training,1SGW_A,95
training,1SH8_A,155
training,1SHU_X,136
training,1SJW_A,111
training,1SJY_A,91
training,1SKZ_A,69
training,1SQG_A,342
training,1SQS_A,233
training,1STM_A,57
training,1SX5_A,165
training,1SZH_A,83
training,1T1U_A,342
training,1T2W_A,54
training,1T61_A,134
training,1T6C_A,260
training,1T6T_1,94
training,1TBF_A,230
training,1TS9_A,53
training,1TUA_A,89
training,1TUK_A,53
training,1TX4_A,193
training,1TZP_A,300
training,1U53_A,177
training,1U5U_A,240
training,1U84_A,96
training,1UCD_A,197
training,1UCR_A,92
training,1UFI_A,33
training,1UIX_A,65
training,1UJP_A,270
training,1UKF_A,174
training,1UNN_C,59
training,1UPK_A,165
training,1URS_A,220
training,1USC_A,205
training,1UT7_A,78
training,1UX6_A,162
training,1UXO_A,199
training,1UXY_A,168
training,1UZK_A,102
training,1V4P_A,143
training,1V5I_B,66
training,1V5V_A,271
training,1V74_B,72
training,1V77_A,117
training,1V7Z_A,215
training,1V84_A,138
training,1V96_A,65
training,1V9M_A,132
training,1VCA_A,87
training,1VD6_A,236
training,1VE4_A,235
training,1VHQ_A,103
training,1VHU_A,174
training,1VIM_A,214
training,1VJ0_A,185
training,1VK1_A,95
training,1VK8_A,67
training,1VKF_A,55
training,1VL1_A,130
training,1VL5_A,183
training,1VL7_A,81
training,1VLY_A,380
training,1VMB_A,91
training,1VPB_A,243
training,1VPM_A,54
training,1VPR_A,185
training,1VPT_A,134
training,1VQS_A,136
training,1VR7_A,72
training,1VR8_A,89
training,1VYB_A,106
training,1VYK_A,70
training,1W1H_A,77
training,1W2W_A,107
training,1W2W_B,148
training,1W4S_A,80
training,1W5Q_A,245
training,1W5R_A,188
training,1W66_A,293
training,1W6S_A,497
training,1W79_A,285
training,1W99_A,381
training,1WB4_A,304
training,1WCW_A,155
training,1WDD_A,247
training,1WHZ_A,93
training,1WKQ_A,223
training,1WL8_A,197
training,1WLY_A,329
training,1WLZ_A,125
training,1WMA_A,254
training,1WMH_A,58
training,1WNA_A,57
training,1WNY_A,150
training,1WP5_A,202
training,1WPU_A,92
training,1WRD_A,104
training,1WTJ_A,246
training,1WVQ_A,113
training,1WWI_A,96
training,1WWZ_A,73
training,1WZ3_A,62
training,1WZA_A,407
training,1WZD_A,232
training,1X3K_A,212
training,1X6I_A,131
training,1X91_A,102
training,1X9D_A,350
training,1X9I_A,319
training,1XD3_A,325
training,1XE7_A,80
training,1XFF_A,88
training,1XG5_A,180
training,1XGK_A,331
training,1XHN_A,183
training,1XKR_A,179
training,1XLQ_A,136
training,1XMK_A,104
training,1XNG_A,91
training,1XQO_A,301
training,1XRK_A,137
training,1XS0_A,51
training,1XSZ_A,281
training,1XT5_A,184
training,1XTE_A,98
training,1XTT_A,163
training,1XU9_A,240
training,1XUB_A,150
training,1XV2_A,108
training,1XW3_A,95
training,1XWV_A,90
training,1Y08_A,184
training,1Y0H_A,122
training,1Y0U_A,104
training,1Y2M_A,465
training,1Y5H_A,42
training,1Y60_A,91
training,1Y6X_A,130
training,1Y9I_A,92
training,1Y9L_A,80
training,1YAR_H,82
training,1YB0_A,91
training,1YC9_A,194
training,1YDG_A,212
training,1YE8_A,207
training,1YHT_A,233
training,1YLX_A,39
training,1YOC_A,160
training,1YOZ_A,56
training,1YQ5_A,120
training,1YQS_A,341
training,1YSQ_A,67
training,1YT3_A,313
training,1YTV_M,5
training,1YW4_A,170
training,1YX1_A,174
training,1Z0W_A,127
training,1Z1S_A,87
training,1Z67_A,91
training,1Z6M_A,177
training,1Z72_A,257
training,1Z9L_A,105
training,1ZAR_A,106
training,1ZE3_H,125
training,1ZHV_A,67
training,1ZJC_A,291
training,1ZL0_A,392
training,1ZLD_A,61
training,1ZO2_A,104
training,1ZPS_A,34
training,1ZQ9_A,326
training,1ZR6_A,329
training,1ZS9_A,198
training,1ZTH_A,93
training,1ZZG_A,218
training,1ZZM_A,224
training,2A15_A,112
training,2A26_A,63
training,2A35_A,184
training,2A4V_A,140
training,2A5L_A,138
training,2A8Y_A,218
training,2ABS_A,314
training,2AGK_A,178
training,2AH5_A,142
training,2AHU_A,203
training,2AKZ_A,278
training,2AML_A,480
training,2AOT_A,92
training,2AP3_A,251
training,2AQ6_A,183
training,2AXO_A,95
training,2AYD_A,89
training,2AZ4_A,277
training,2B4H_A,137
training,2B4V_A,256
training,2B78_A,189
training,2BBE_A,128
training,2BBR_A,228
training,2BD0_A,77
training,2BDR_A,160
training,2BFD_A,262
training,2BFD_B,217
training,2BHU_A,869
training,2BJQ_A,361
training,2BKA_A,182
training,2BKM_A,164
training,2BKY_A,84
training,2BMO_B,255
training,2BRF_A,127
training,2BSY_A,232
training,2BUE_A,190
training,2BW0_A,227
training,2BW3_A,275
training,2BZ1_A,80
training,2BZV_A,158
training,2C0C_A,247
training,2C1D_B,86
training,2C2I_A,184
training,2C2Q_A,125
training,2C31_A,280
training,2C5A_A,370
training,2C5L_C,61
training,2C60_A,94
training,2C8S_A,62
training,2C92_A,100
training,2CB8_A,55
training,2CC6_A,46
training,2CDC_A,315
training,2CDU_A,239
training,2CF7_A,185
training,2CHC_A,76
training,2CJ4_A,163
training,2CKK_A,128
training,2CMG_A,218
training,2CUL_A,169
training,2CVE_A,164
training,2CX1_A,149
training,2CXI_A,194
training,2CXK_A,59
training,2CXY_A,53
training,2CZQ_A,207
training,2CZV_C,47
training,2D1G_A,341
training,2D1L_A,98
training,2D1S_A,772
training,2D28_C,104
training,2D2E_A,168
training,2D3D_A,72
training,2D3Y_A,200
training,2D4P_A,62
training,2DB7_A,44
training,2DC4_A,76
training,2DDR_A,274
training,2DG1_A,263
training,2DKJ_A,512
training,2DPL_A,243
training,2DQL_A,57
training,2DSK_A,287
training,2DT8_A,310
training,2DVM_A,235
training,2DYJ_A,52
training,2E11_A,184
training,2E2O_A,219
training,2E3H_A,67
training,2E4T_A,548
training,2E5Y_A,61
training,2E6M_A,76
training,2E6X_A,66
training,2E7V_A,52
training,2EAQ_A,121
training,2EBE_A,105
training,2EFV_A,42
training,2EGV_A,143
training,2EHP_A,82
training,2EHZ_A,242
training,2EIY_A,263
training,2EJ8_A,74
training,2EJN_A,128
training,2EKL_A,217
training,2END_A,127
training,2EPL_X,350
training,2ERF_A,97
training,2ET1_A,159
training,2ETV_A,192
training,2EV1_A,92
training,2EXT_A,31
training,2F1K_A,144
training,2F1N_A,141
training,2F22_A,162
training,2F23_A,162
training,2F46_A,133
training,2F5G_A,114
training,2F5X_A,289
training,2F7V_A,231
training,2FA1_A,100
training,2FA8_A,35
training,2FAO_A,275
training,2FBN_A,105
training,2FCT_A,289
training,2FEF_A,113
training,2FEX_A,196
training,2FG1_A,192
training,2FGQ_X,207
training,2FHN_X,113
training,2FHP_A,243
training,2FHZ_A,138
training,2FHZ_B,113
training,2FIP_A,57
training,2FKK_A,161
training,2FL4_A,135
training,2FLH_A,120
training,2FNO_A,203
training,2FNU_A,312
training,2FPR_A,147
training,2FQ3_A,63
training,2FT0_A,180
training,2FTR_A,96
training,2FUJ_A,61
training,2FUL_A,150
training,2FY7_A,240
training,2FZP_A,83
training,2G0W_A,234
training,2G3R_A,118
training,2G9W_A,114
training,2G9Z_A,118
training,2GA8_A,138
training,2GAG_B,246
training,2GAG_C,157
training,2GAK_A,182
training,2GCU_A,168
training,2GDQ_A,236
training,2GEN_A,120
training,2GEY_A,130
training,2GF6_A,60
training,2GFQ_A,225
training,2GGC_A,338
training,2GIA_B,93
training,2GIG_A,140
training,2GLZ_A,99
training,2GOM_A,73
training,2GQT_A,298
training,2GT1_A,155
training,2GU3_A,109
training,2GUH_A,132
training,2GXQ_A,229
training,2GYQ_A,137
training,2GZS_A,110
training,2GZV_A,128
training,2H1T_A,148
training,2H1V_A,434
training,2H3L_A,117
training,2H8E_A,119
training,2H8G_A,151
training,2H9A_A,308
training,2HC1_A,343
training,2HCF_A,159
training,2HCM_A,70
training,2HD9_A,180
training,2HDO_A,128
training,2HHC_A,153
training,2HIN_A,72
training,2HKJ_A,251
training,2HLJ_A,115
training,2HLR_A,52
training,2HLY_A,215
training,2HNG_A,47
training,2HOX_A,350
training,2HQ9_A,52
training,2HUE_B,31
training,2HUE_C,34
training,2HUH_A,90
training,2HVW_A,144
training,2HX5_A,82
training,2HXI_A,157
training,2HXT_A,417
training,2HYT_A,134
training,2I0O_A,168
training,2I49_A,409
training,2I5F_A,110
training,2I5H_A,81
training,2I5U_A,45
training,2I74_A,119
training,2I7G_A,114
training,2I8E_A,51
training,2I9I_A,126
training,2I9W_A,74
training,2IA1_A,123
training,2IBD_A,221
training,2IBN_A,170
training,2ID3_A,202
training,2IEW_A,121
training,2IGT_A,142
training,2IHT_A,485
training,2IIH_A,54
training,2IKS_A,149
training,2IM9_A,199
training,2IMF_A,175
training,2IMH_A,208
training,2IMQ_X,142
training,2INW_A,136
training,2IP1_A,168
training,2IRU_A,308
training,2IT2_A,63
training,2IT9_A,44
training,2IU1_A,116
training,2IUW_A,106
training,2IW1_A,480
training,2IWR_A,93
training,2IZR_A,255
training,2J7Q_A,213
training,2J8B_A,114
training,2JAE_A,528
training,2JCB_A,99
training,2JDA_A,155
training,2JDC_A,115
training,2JDI_A,403
training,2JDI_D,437
training,2JDI_G,142
training,2JDI_I,20
training,2JDJ_A,42
training,2JEK_A,129
training,2JEN_A,235
training,2JH3_A,217
training,2JIS_A,458
training,2JLI_A,108
training,2NLR_A,211
training,2NN5_A,127
training,2NNU_A,117
training,2NQW_A,122
training,2NR5_A,33
training,2NR7_A,299
training,2NRK_A,119
training,2NRR_A,106
training,2NSZ_A,145
training,2NW8_A,194
training,2NWF_A,175
training,2NWR_A,175
training,2NX9_A,275
training,2O0Y_A,98
training,2O1K_A,22
training,2O2X_A,242
training,2O30_A,32
training,2O57_A,179
training,2O5F_A,66
training,2O5U_A,94
training,2O62_A,145
training,2O6P_A,76
training,2O7R_A,203
training,2O8Q_A,51
training,2O99_A,98
training,2OA2_A,81
training,2OB3_A,415
training,2OB5_A,86
training,2OCG_A,198
training,2OD6_A,80
training,2ODF_A,263
training,2OEB_A,95
training,2OEE_A,95
training,2OEM_A,306
training,2OH1_A,148
training,2OKT_A,358
training,2OKU_A,86
training,2OLN_A,276
training,2OML_A,135
training,2ONF_A,89
training,2OOC_A,35
training,2OPJ_A,199
training,2OU3_A,135
training,2OU5_A,128
training,2OVJ_A,142
training,2OX6_A,144
training,2OX7_A,61
training,2OXG_B,111
training,2OYN_A,59
training,2OYO_A,161
training,2OZE_A,146
training,2OZN_A,144
training,2OZT_A,221
training,2OZV_A,95
training,2P0A_A,185
training,2P0S_A,80
training,2P2S_A,360
training,2P35_A,109
training,2P39_A,76
training,2P5K_A,84
training,2P5X_A,115
training,2P65_A,136
training,2P6W_A,151
training,2P6Y_A,91
training,2P9H_A,133
training,2P9W_A,322
training,2P9X_A,46
training,2PBL_A,291
training,2PC1_A,125
training,2PD1_A,69
training,2PET_A,152
training,2PGN_A,551
training,2PJZ_A,160
training,2PKF_A,471
training,2PKH_A,68
training,2PLI_A,91
training,2PLN_A,62
training,2PN0_A,83
training,2PNW_A,269
training,2POF_A,159
training,2POK_A,270
training,2PQX_A,183
training,2PRS_A,118
training,2PRV_A,86
training,2PTT_A,102
training,2PU3_A,241
training,2PUZ_A,291
training,2PV2_A,113
training,2PW0_A,453
training,2PXX_A,126
training,2PYQ_A,54
training,2Q0T_A,297
training,2Q35_A,161
training,2Q3V_A,160
training,2Q3X_A,45
training,2Q6M_A,231
training,2Q7S_A,116
training,2QB7_A,322
training,2QCP_X,88
training,2QDE_A,230
training,2QE8_A,284
training,2QEE_A,340
training,2QEU_A,102
training,2QF4_A,181
training,2QFA_B,80
training,2QFE_A,126
training,2QGM_A,179
training,2QGY_A,183
training,2QH9_A,70
training,2QHP_A,170
training,2QHQ_A,120
training,2QIB_A,181
training,2QIW_A,100
training,2QJW_A,191
training,2QKV_A,91
training,2QL8_A,123
training,2QLT_A,219
training,2QNG_A,147
training,2QNI_A,72
training,2QNL_A,184
training,2QPX_A,254
training,2QQ9_A,148
training,2QRL_A,317
training,2QSI_A,76
training,2QSW_A,67
training,2QT1_A,120
training,2QTS_A,183
training,2QVK_A,88
training,2QWU_A,127
training,2QXF_A,428
training,2QZC_A,109
training,2QZT_A,85
training,2R01_A,200
training,2R0X_A,90
training,2R16_A,128
training,2R1I_A,53
training,2R25_A,74
training,2R2A_A,51
training,2R2C_A,66
training,2R2Z_A,96
training,2R3B_A,148
training,2R5O_A,156
training,2RA9_A,132
training,2RAU_A,122
training,2RB7_A,288
training,2RBB_A,79
training,2RBD_A,118
training,2RC8_A,258
training,2RDE_A,119
training,2RDG_A,264
training,2RFF_A,68
training,2RFQ_A,401
training,2RG8_A,173
training,2RGQ_A,102
training,2RH0_A,53
training,2RHW_A,152
training,2RIL_A,87
training,2RL8_A,145
training,2SAK_A,63
training,2SCP_A,131
training,2TPS_A,200
training,2UU8_A,209
training,2UUR_A,78
training,2UVP_A,154
training,2UW1_A,260
training,2UYT_A,286
training,2V0H_A,269
training,2V2F_F,192
training,2V3I_A,587
training,2V3S_A,123
training,2V6K_A,266
training,2V6V_A,193
training,2V78_A,174
training,2V7F_A,177
training,2V7K_A,120
training,2V8F_A,87
training,2VCH_A,400
training,2VCL_A,187
training,2VD8_A,411
training,2VDF_A,113
training,2VGA_A,95
training,2VH3_A,93
training,2VHJ_A,131
training,2VK8_A,437
training,2VKJ_A,65
training,2VO9_A,127
training,2VOV_A,341
training,2VQ2_A,219
training,2VQ8_A,152
training,2VQP_A,126
training,2VRS_A,185
training,2VSM_A,436
training,2VUV_A,144
training,2VW8_A,158
training,2VY8_A,86
training,2VYO_A,117
training,2VZC_A,138
training,2VZY_A,153
training,2W1R_A,70
training,2W1V_A,225
training,2W2K_A,351
training,2W2R_A,120
training,2W31_A,119
training,2W3G_A,126
training,2W3Q_A,146
training,2W3Y_A,128
training,2W3Z_A,254
training,2W5A_A,176
training,2W5E_A,59
training,2W6A_A,79
training,2W6K_A,56
training,2W72_B,174
training,2W8T_A,468
training,2W8X_A,65
training,2WAO_A,358
training,2WB9_A,152
training,2WCW_A,79
training,2WDC_A,407
training,2WDS_A,160
training,2WE5_A,279
training,2WFW_A,127
training,2WI8_A,182
training,2WJ6_A,155
training,2WJ9_A,46
training,2WKB_A,32
training,2WKJ_A,365
training,2WLR_A,439
training,2WLV_A,211
training,2WNY_A,78
training,2WP3_T,117
training,2WPV_B,43
training,2WQF_A,166
training,2WTG_A,181
training,2WWX_B,80
training,2WXU_A,206
training,2WY4_A,132
training,2WYA_A,310
training,2WZ9_A,111
training,2X2S_A,154
training,2X3M_A,169
training,2X4D_A,180
training,2X4L_A,212
training,2X5N_A,234
training,2X5O_A,492
training,2X5X_A,362
training,2X5Y_A,215
training,2X8X_X,127
training,2X9O_A,246
training,2X9Z_A,340
training,2XEP_A,337
training,2XET_A,108
training,2XEV_A,51
training,2XF7_A,45
training,2XG5_B,76
training,2XGR_A,114
training,2XGU_A,81
training,2XHF_A,138
training,2XHG_A,333
training,2XHI_A,242
training,2XIO_A,413
training,2XKI_A,107
training,2XLK_A,122
training,2XMF_A,75
training,2XMZ_A,150
training,2XN6_A,262
training,2XOC_A,153
training,2XOL_A,118
training,2XQQ_A,77
training,2XTS_A,358
training,2XTY_A,151
training,2XVM_A,160
training,2XVY_A,113
training,2XW6_A,121
training,2XWL_A,223
training,2XWS_A,78
training,2XWT_C,156
training,2XZ9_A,192
training,2XZE_A,62
training,2Y0O_A,194
training,2Y7E_A,281
training,2Y7P_A,146
training,2Y8N_B,70
training,2Y8Y_A,198
training,2Y9U_A,76
training,2YC3_A,100
training,2YCD_A,222
training,2YD4_A,231
training,2YEX_A,362
training,2YFA_A,264
training,2YHW_A,165
training,2YIL_A,84
training,2YJG_A,266
training,2YJK_A,55
training,2YLN_A,213
training,2YMM_A,137
training,2YMY_A,31
training,2YN0_A,214
training,2YSK_A,134
training,2YVE_A,148
training,2YVI_A,61
training,2YVR_A,34
training,2YVT_A,277
training,2YWI_A,197
training,2YWL_A,135
training,2YXN_A,274
training,2YXO_A,118
training,2YYO_A,64
training,2YYY_A,193
training,2Z08_A,80
training,2Z0J_A,193
training,2Z10_A,93
training,2Z26_A,347
training,2Z2N_A,159
training,2Z30_B,81
training,2Z3Q_A,57
training,2Z6O_A,112
training,2Z6R_A,198
training,2Z72_A,423
training,2Z84_A,95
training,2Z8X_A,718
training,2ZAD_A,210
training,2ZNR_A,228
training,2ZQ5_A,562
training,2ZS0_C,113
training,2ZSI_B,33
training,2ZUY_A,638
training,2ZVY_A,193
training,2ZWS_A,425
training,2ZY4_A,334
training,2ZYZ_A,80
training,3A09_A,452
training,3A4C_A,73
training,3A4M_A,107
training,3A72_A,484
training,3A99_A,167
training,3A9I_A,153
training,3A9S_A,568
training,3AAF_A,75
training,3ABH_A,169
training,3ACX_A,431
training,3ADO_A,250
training,3ADR_A,107
training,3AEH_A,110
training,3AFN_A,186
training,3AFO_A,153
training,3AGY_A,73
training,3AH7_A,133
training,3ALJ_A,223
training,3AOF_A,416
training,3AQE_A,63
training,3ARX_A,706
training,3B0T_A,264
training,3B0X_A,485
training,3B4Q_A,76
training,3B8B_A,91
training,3B8X_A,275
training,3BA3_A,89
training,3BAM_A,87
training,3BC9_A,400
training,3BCW_A,109
training,3BE6_A,188
training,3BEI_A,19
training,3BEX_A,223
training,3BFO_A,98
training,3BHN_A,69
training,3BHW_A,116
training,3BIY_A,161
training,3BJK_A,53
training,3BJN_A,119
training,3BK5_A,113
training,3BLZ_A,97
training,3BM3_A,156
training,3BMX_A,495
training,3BOF_A,216
training,3BON_A,635
training,3BP3_A,30
training,3BQK_A,147
training,3BQP_A,72
training,3BQX_A,118
training,3BRC_A,44
training,3BS4_A,104
training,3BV8_A,68
training,3BWS_A,272
training,3BWX_A,237
training,3BYP_A,48
training,3BYQ_A,103
training,3BYV_A,151
training,3C0F_B,39
training,3C1A_A,237
training,3C1Q_A,139
training,3C24_A,175
training,3C26_A,84
training,3C2Q_A,130
training,3C5E_A,378
training,3C8W_A,169
training,3CBN_A,125
training,3CC1_A,149
training,3CG4_A,60
training,3CGX_A,100
training,3CI6_A,73
training,3CIM_A,87
training,3CJD_A,73
training,3CK1_A,65
training,3CKC_A,535
training,3CKK_A,119
training,3CKM_A,247
training,3CL6_A,153
training,3CMB_A,216
training,3CNH_A,76
training,3CNV_A,87
training,3CP0_A,29
training,3CP5_A,143
training,3CRN_A,40
training,3CT6_A,91
training,3CU9_A,338
training,3CWR_A,138
training,3CX2_A,145
training,3CXG_A,51
training,3CXK_A,54
training,3CZ1_A,143
training,3CZX_A,185
training,3D01_A,60
training,3D02_A,240
training,3D0K_A,124
training,3D0W_A,33
training,3D33_A,62
training,3D34_A,151
training,3D3B_A,102
training,3D3B_J,48
training,3D4E_A,110
training,3D7J_A,138
training,3D9N_A,85
training,3DA8_A,229
training,3DAL_A,152
training,3DB2_A,127
training,3DC4_A,110
training,3DCD_A,223
training,3DD6_A,128
training,3DDJ_A,108
training,3DFR_A,105
training,3DG6_A,288
training,3DGB_A,220
training,3DGP_B,29
training,3DHU_A,362
training,3DI4_A,276
training,3DJL_A,352
training,3DKR_A,235
training,3DLC_A,274
training,3DM8_A,102
training,3DME_A,256
training,3DML_A,59
training,3DMN_A,91
training,3DQY_A,69
training,3DR2_A,319
training,3DRA_B,145
training,3DS8_A,169
training,3DSK_A,320
training,3DSM_A,313
training,3DSS_B,237
training,3DTZ_A,174
training,3DUP_A,185
training,3DYJ_A,122
training,3DZ1_A,293
training,3E03_A,238
training,3E0X_A,347
training,3E11_A,89
training,3E23_A,251
training,3E3M_A,215
training,3E3U_A,186
training,3E48_A,291
training,3E4V_A,188
training,3E4W_A,123
training,3E8O_A,112
training,3E96_A,226
training,3E99_A,69
training,3E9K_A,488
training,3E9T_A,152
training,3E9V_A,47
training,3EAF_A,195
training,3EBB_A,115
training,3ECF_A,72
training,3ECH_A,90
training,3ED4_A,245
training,3EGW_C,105
training,3EJK_A,79
training,3EJV_A,123
training,3EK3_A,120
training,3EKG_A,209
training,3EKI_A,229
training,3ELF_A,278
training,3ENU_A,121
training,3EO8_A,262
training,3EQX_A,274
training,3ER7_A,151
training,3ES4_A,124
training,3EUA_A,166
training,3EXV_A,177
training,3EYE_A,128
training,3EZI_A,77
training,3F0D_A,139
training,3F0H_A,196
training,3F14_A,74
training,3F1P_B,145
training,3F43_A,49
training,3F5R_A,84
training,3F6Y_A,200
training,3F7X_A,116
training,3F8X_A,107
training,3FB9_A,109
training,3FBK_A,94
training,3FCN_A,205
training,3FDH_A,231
training,3FDX_A,95
training,3FEG_A,276
training,3FFR_A,103
training,3FG8_A,131
training,3FGE_A,73
training,3FGR_A,71
training,3FGV_A,116
training,3FGY_A,123
training,3FH1_A,48
training,3FID_A,170
training,3FK8_A,124
training,3FLA_A,187
training,3FNC_A,123
training,3FOT_A,381
training,3FOV_A,71
training,3FPC_A,337
training,3FPF_A,243
training,3FPW_A,89
training,3FQG_A,153
training,3FR7_A,381
training,3FSO_A,149
training,3FTD_A,190
training,3FXA_A,117
training,3FYB_A,88
training,3FYN_A,76
training,3FZ4_A,107
training,3FZG_A,143
training,3G0K_A,118
training,3G0O_A,252
training,3G0T_A,411
training,3G13_A,76
training,3G2B_A,86
training,3G36_A,66
training,3G48_A,134
training,3G89_A,200
training,3G8Y_A,229
training,3G91_A,275
training,3G9K_F,89
training,3GA3_A,195
training,3GA7_A,362
training,3GAE_A,317
training,3GAX_A,99
training,3GE3_A,445
training,3GF6_A,287
training,3GFA_A,125
training,3GG7_A,94
training,3GG9_A,112
training,3GI7_A,69
training,3GIW_A,218
training,3GJ0_A,146
training,3GJY_A,289
training,3GMI_A,161
training,3GN6_A,200
training,3GNE_A,262
training,3GO2_A,325
training,3GO9_A,427
training,3GON_A,209
training,3GOX_A,229
training,3GQH_A,61
training,3GQQ_A,106
training,3GQV_A,136
training,3GRH_A,185
training,3GS2_A,83
training,3GT5_A,214
training,3GVE_A,364
training,3GWC_A,118
training,3GWI_A,192
training,3GWQ_A,150
training,3GY9_A,86
training,3GYB_A,144
training,3GYD_A,69
training,3GZB_A,177
training,3H0N_A,195
training,3H0O_A,248
training,3H0U_A,304
training,3H2B_A,129
training,3H36_A,37
training,3H49_A,128
training,3H4O_A,205
training,3H75_A,265
training,3H7H_A,79
training,3H7J_A,106
training,3H7O_A,98
training,3H8G_A,521
training,3H8U_A,91
training,3HA2_A,67
training,3HA9_A,120
training,3HBM_A,194
training,3HC1_A,119
training,3HCZ_A,103
training,3HDJ_A,201
training,3HDO_A,284
training,3HFO_A,77
training,3HI2_B,92
training,3HJ4_A,396
training,3HLX_A,210
training,3HMC_A,215
training,3HMZ_A,105
training,3HN0_A,272
training,3HN5_A,182
training,3HN7_A,500
training,3HNX_A,143
training,3HOI_A,91
training,3HP7_A,203
training,3HQ1_A,515
training,3HR0_A,144
training,3HRG_A,195
training,3HRP_A,285
training,3HRQ_A,170
training,3HSY_A,173
training,3HTN_A,129
training,3HUH_A,111
training,3HUP_A,61
training,3HUT_A,324
training,3HV2_A,174
training,3HV8_A,86
training,3HVW_A,152
training,3HXL_A,288
training,3HYN_A,220
training,3I0Z_A,287
training,3I10_A,245
training,3I1A_A,213
training,3I26_A,390
training,3I2K_A,596
training,3I2V_A,119
training,3I3F_A,181
training,3I45_A,425
training,3I6E_A,144
training,3I7M_A,157
training,3I7T_A,56
training,3I83_A,136
training,3I8B_A,344
training,3IA1_A,93
training,3IB5_A,387
training,3IBW_A,38
training,3IBZ_A,102
training,3ID1_A,70
training,3IDB_B,68
training,3IDU_A,95
training,3IE4_A,80
training,3IE7_A,115
training,3IEZ_A,57
training,3IFE_A,460
training,3IIB_A,535
training,3IJW_A,117
training,3ILS_A,167
training,3IMH_A,273
training,3IMK_A,133
training,3IQ2_A,137
training,3IQT_A,92
training,3IRB_A,73
training,3IRP_X,482
training,3IS6_A,111
training,3ISA_A,194
training,3ISX_A,263
training,3IUG_A,150
training,3IUS_A,244
training,3IUW_A,35
training,3IUZ_A,182
training,3IV0_A,432
training,3IV4_A,103
training,3IVV_A,171
training,3IXL_A,182
training,3JQY_A,263
training,3JRV_A,131
training,3JS8_A,380
training,3JSZ_A,395
training,3JTW_A,94
training,3JTZ_A,93
training,3JU3_A,72
training,3JU8_A,235
training,3JUI_A,74
training,3JX9_A,68
training,3JXO_A,39
training,3JYG_A,110
training,3JZ0_A,321
training,3JZL_A,131
training,3K01_A,526
training,3K1T_A,308
training,3K1Z_A,281
training,3K40_A,226
training,3K62_A,163
training,3K67_A,121
training,3K6M_A,294
training,3K6Q_A,86
training,3K6Y_A,247
training,3K7C_A,37
training,3KBB_A,95
training,3KD3_A,169
training,3KD4_A,285
training,3KDE_C,42
training,3KDW_A,192
training,3KEV_A,118
training,3KG0_A,66
training,3KGK_A,124
training,3KH1_A,210
training,3KIZ_A,406
training,3KJJ_A,96
training,3KKG_A,126
training,3KKI_A,175
training,3KLQ_A,56
training,3KM5_A,137
training,3KMH_A,165
training,3KOJ_A,29
training,3KOP_A,130
training,3KTO_A,49
training,3KUV_A,89
training,3KWL_A,257
training,3KWR_A,101
training,3L46_A,48
training,3L4A_A,109
training,3L4E_A,135
training,3L4N_A,124
training,3L4R_A,109
training,3L5A_A,202
training,3L6N_A,298
training,3L8A_A,266
training,3L8D_A,95
training,3LAA_A,148
training,3LAE_A,29
training,3LAX_A,42
training,3LCC_A,186
training,3LET_A,170
training,3LEW_A,399
training,3LG3_A,471
training,3LHN_A,107
training,3LHO_A,131
training,3LHS_A,255
training,3LID_A,208
training,3LJU_X,273
training,3LK7_A,285
training,3LKM_A,248
training,3LL7_A,287
training,3LLK_A,97
training,3LM3_A,486
training,3LMO_A,51
training,3LNL_A,279
training,3LP5_A,136
training,3LPW_A,193
training,3LQB_A,151
training,3LRT_A,156
training,3LS9_A,440
training,3LSN_A,164
training,3LSZ_A,115
training,3LUI_A,137
training,3LUR_A,89
training,3LV4_A,305
training,3LW3_A,80
training,3LX3_A,84
training,3LXZ_A,137
training,3LY7_A,226
training,3LYG_A,104
training,3LZW_A,175
training,3M0F_A,135
training,3M1T_A,214
training,3M1U_A,352
training,3M4A_A,221
training,3M4R_A,96
training,3M86_A,48
training,3M9L_A,161
training,3MB5_A,136
training,3MCW_A,231
training,3MCZ_A,201
training,3MDQ_A,212
training,3MDU_A,353
training,3ME7_A,189
training,3MEA_A,147
training,3MGD_A,109
training,3MHS_C,43
training,3MIL_A,328
training,3MIZ_A,111
training,3MKH_A,280
training,3MKO_A,45
training,3MMG_A,231
training,3MMY_A,208
training,3MMY_B,26
training,3MNM_A,79
training,3MQZ_A,232
training,3MR0_A,115
training,3MUJ_A,79
training,3MW8_A,76
training,3MWB_A,133
training,3MWZ_A,82
training,3MXN_B,91
training,3MXO_A,71
training,3MXZ_A,123
training,3MZ2_A,171
training,3MZO_A,71
training,3MZZ_A,72
training,3N01_A,109
training,3N0X_A,369
training,3N17_A,279
training,3N1F_C,80
training,3N2W_A,390
training,3N5B_B,41
training,3N72_A,64
training,3N8B_A,51
training,3N9U_C,44
training,3NA6_A,174
training,3NBM_A,117
training,3NCE_B,75
training,3NEC_A,199
training,3NED_A,318
training,3NEH_A,176
training,3NFI_A,90
training,3NG7_X,336
training,3NKE_A,247
training,3NL9_A,94
training,3NNB_A,362
training,3NO0_A,209
training,3NO3_A,187
training,3NO7_A,79
training,3NPH_B,119
training,3NRE_A,168
training,3NRF_A,78
training,3NSW_A,121
training,3NV0_A,116
training,3NVX_A,334
training,3NX3_A,327
training,3NY7_A,100
training,3NYC_A,358
training,3NZ3_A,94
training,3O0F_A,132
training,3O0M_A,108
training,3O22_A,97
training,3O2R_A,196
training,3O3M_A,264
training,3O6P_A,171
training,3OAM_A,121
training,3OC7_A,205
training,3OCJ_A,249
training,3OEP_A,422
training,3OFK_A,172
training,3OHG_A,256
training,3OHR_A,147
training,3OIS_A,294
training,3OKG_A,159
training,3OL3_A,45
training,3ON4_A,118
training,3ON9_A,224
training,3OO8_A,364
training,3OOS_A,241
training,3OOX_A,208
training,3OP6_A,46
training,3OQG_A,119
training,3OQP_A,239
training,3OR1_B,180
training,3OTI_A,432
training,3OU2_A,140
training,3OV9_A,222
training,3OXH_A,165
training,3OZ2_A,134
training,3P0F_A,216
training,3P0Y_A,134
training,3P2T_A,164
training,3P2Y_A,275
training,3P3O_A,372
training,3P48_A,124
training,3P4G_A,321
training,3P4T_A,292
training,3P6L_A,128
training,3P9V_A,123
training,3PAS_A,69
training,3PC7_A,40
training,3PD7_A,141
training,3PDW_A,172
training,3PE7_A,387
training,3PF2_A,392
training,3PFE_A,254
training,3PFG_A,230
training,3PFY_A,49
training,3PHS_A,211
training,3PIU_A,166
training,3PJ0_A,353
training,3PL8_A,479
training,3PLU_A,95
training,3PM2_A,188
training,3PMS_A,314
training,3PNZ_A,215
training,3POW_A,322
training,3PP5_A,48
training,3PPL_A,580
training,3PPM_A,299
training,3PQH_A,113
training,3PR6_A,107
training,3PRO_C,79
training,3PT8_A,47
training,3PVI_A,114
training,3PYW_A,156
training,3Q1N_A,201
training,3Q46_A,261
training,3Q4O_A,158
training,3Q64_A,184
training,3QBM_A,96
training,3QC0_A,139
training,3QC7_A,158
training,3QFT_A,404
training,3QH4_A,418
training,3QHQ_A,185
training,3QI7_A,179
training,3QIO_A,90
training,3QK8_A,229
training,3QLE_A,105
training,3QOO_A,76
training,3QOU_A,116
training,3QRL_A,117
training,3QS2_A,218
training,3QTA_A,76
training,3QVQ_A,240
training,3QX1_A,100
training,3QY7_A,205
training,3QZB_A,202
training,3QZM_A,106
training,3R15_A,68
training,3R1Z_A,169
training,3R44_A,281
training,3R5T_A,245
training,3R7A_A,104
training,3R87_A,87
training,3R89_A,196
training,3RC1_A,251
training,3RF0_A,133
training,3RF3_A,145
training,3RFX_A,226
training,3RHZ_A,133
training,3RK6_A,110
training,3RPC_A,285
training,3RPD_A,363
training,3RPE_A,193
training,3RQT_A,634
training,3RT2_A,93
training,3RTL_A,128
training,3RUI_A,150
training,3RVA_A,313
training,3RX9_A,142
training,3RXY_A,94
training,3RY4_A,140
training,3RYK_A,88
training,3S2J_A,448
training,3S2R_A,64
training,3S3T_A,77
training,3S4Y_A,131
training,3S5B_A,197
training,3S8I_A,80
training,3S8S_A,74
training,3SB1_A,59
training,3SD2_A,58
training,3SD7_A,118
training,3SG0_A,368
training,3SGG_A,422
training,3SGW_A,152
training,3SHG_A,146
training,3SHG_B,54
training,3SHO_A,68
training,3SIB_A,159
training,3SIG_A,269
training,3SJH_B,30
training,3SJL_D,437
training,3SKX_A,109
training,3SLZ_A,62
training,3SNF_A,120
training,3SNY_A,83
training,3SON_A,60
training,3STP_A,232
training,3SU6_A,144
training,3SVT_A,125
training,3SXM_A,121
training,3SXU_B,58
training,3SY1_A,310
training,3SY6_A,131
training,3SZ3_A,395
training,3SZV_A,247
training,3T0O_A,168
training,3T2C_A,209
training,3T64_A,90
training,3T7H_A,233
training,3T7L_A,74
training,3T8K_A,87
training,3T92_A,138
training,3TCV_A,339
training,3TFJ_A,134
training,3TG2_A,229
training,3TGH_A,143
training,3THR_A,149
training,3TQL_A,236
training,3TQT_A,133
training,3TT9_A,255
training,3TUT_A,172
training,3TVQ_A,114
training,3U1L_A,196
training,3U1U_A,45
training,3U2U_A,179
training,3U62_A,113
training,3U65_A,205
training,3U6G_A,90
training,3U8V_A,42
training,3U9G_A,139
training,3U9W_A,598
training,3UB6_A,203
training,3UCE_A,207
training,3UF6_A,143
training,3UFE_A,43
training,3UJC_A,384
training,3ULT_A,55
training,3UMO_A,118
training,3UOA_B,143
training,3UR8_A,439
training,3USH_A,56
training,3UUL_A,54
training,3UUW_A,247
training,3V0S_A,179
training,3V1A_A,52
training,3V1V_A,282
training,3V30_A,173
training,3V46_A,72
training,3V4C_A,235
training,3V4K_A,209
training,3V5C_A,481
training,3V68_A,194
training,3V75_A,291
training,3V7B_A,104
training,3V7N_A,434
training,3V9W_A,131
training,3VBJ_A,115
training,3VCA_A,482
training,3VFI_A,53
training,3VGI_A,168
training,3VGL_A,235
training,3VI6_A,58
training,3VJ9_A,190
training,3VK5_A,285
training,3VK8_A,162
training,3VKW_A,427
training,3VMK_A,365
training,3VQJ_A,241
training,3VS8_A,355
training,3VV1_A,164
training,3VWN_X,269
training,3VZX_A,196
training,3W06_A,254
training,3W0E_A,85
training,3W0K_A,313
training,3W0O_A,206
training,3W0T_A,222
training,3W15_A,140
training,3W1O_A,85
training,3W4S_A,180
training,3W56_A,122
training,3W6S_A,90
training,3W77_A,129
training,3WDC_A,131
training,3WEB_A,118
training,3WG3_A,197
training,3WJ2_A,224
training,3WJP_A,191
training,3WKQ_A,262
training,3WMQ_A,50
training,3WMV_A,147
training,3WND_A,271
training,3WQB_B,43
training,3WQC_A,255
training,3WUZ_A,75
training,3WV7_A,74
training,3WVA_A,198
training,3WVQ_A,330
training,3WVT_A,110
training,3WXY_A,324
training,3WYD_A,190
training,3WZS_A,101
training,3X0I_A,89
training,3X2M_A,178
training,3X38_A,87
training,3ZBD_A,105
training,3ZDB_A,159
training,3ZDM_A,62
training,3ZDS_A,550
training,3ZI1_A,198
training,3ZJA_A,95
training,3ZJB_A,98
training,3ZK4_A,552
training,3ZL8_A,166
training,3ZN6_A,116
training,3ZNV_A,285
training,3ZOJ_A,194
training,3ZPY_A,352
training,3ZQI_A,212
training,3ZR8_X,77
training,3ZSU_A,56
training,3ZXC_A,66
training,3ZXY_A,198
training,3ZYP_A,152
training,3ZZO_A,138
training,4A20_A,29
training,4A29_A,249
training,4A3Z_A,179
training,4A42_A,96
training,4A56_A,79
training,4A6Q_A,104
training,4A8X_A,70
training,4A9V_A,681
training,4AC1_X,371
training,4ACF_A,319
training,4ADI_A,281
training,4ADZ_A,46
training,4AFF_A,115
training,4AFH_A,85
training,4AGH_A,50
training,4AL0_A,52
training,4ANN_A,186
training,4AR9_A,293
training,4ASC_A,196
training,4AT7_B,147
training,4AU1_A,182
training,4AUK_A,262
training,4AVS_A,220
training,4AY0_A,222
training,4AZ9_A,64
training,4B1M_A,161
training,4B5O_A,247
training,4B60_A,179
training,4B6I_A,47
training,4B8E_A,103
training,4BFC_A,95
training,4BG7_A,42
training,4BGC_A,123
training,4BJI_A,216
training,4BJS_A,62
training,4BJT_A,109
training,4BLP_A,188
training,4BN4_A,126
training,4BND_A,265
training,4BOL_A,147
training,4BOQ_A,81
training,4BOU_A,60
training,4BPF_A,117
training,4BPY_A,90
training,4BQN_A,377
training,4BVX_A,86
training,4BVX_B,111
training,4BWV_A,95
training,4BX0_A,162
training,4BYZ_A,151
training,4BZ4_A,179
training,4C0N_A,63
training,4C1W_A,148
training,4C5W_A,259
training,4CA1_A,73
training,4CBP_A,131
training,4CD5_A,336
training,4CDJ_A,121
training,4CDP_A,213
training,4CGS_A,226
training,4CHI_A,379
training,4CI9_A,290
training,4CIT_A,281
training,4CJ0_A,641
training,4CJ0_B,47
training,4CMR_A,583
training,4CND_A,122
training,4CO8_A,85
training,4CQ1_A,94
training,4CQB_A,232
training,4CQI_A,56
training,4CRU_A,90
training,4CSR_A,58
training,4CSR_B,75
training,4CVR_A,162
training,4CW4_A,640
training,4CYB_A,97
training,4CZG_A,216
training,4D5B_A,132
training,4D9B_A,243
training,4DGF_A,73
training,4DHI_B,131
training,4DIX_A,172
training,4DM7_A,313
training,4DMG_A,236
training,4DND_A,82
training,4DNY_A,90
training,4DO4_A,225
training,4DOV_A,71
training,4DQ9_A,152
training,4DQA_A,245
training,4DQJ_A,151
training,4DRI_B,55
training,4DV8_A,346
training,4DVJ_A,173
training,4DYQ_A,63
training,4DZO_A,123
training,4E15_A,238
training,4E2X_A,420
training,4E3X_A,477
training,4E40_A,170
training,4E45_E,53
training,4E4R_A,175
training,4E5N_A,191
training,4E5V_A,236
training,4E69_A,219
training,4E6F_A,175
training,4E98_A,82
training,4E9X_A,284
training,4EA9_A,202
training,4EBG_A,98
training,4EBJ_A,267
training,4ED9_A,259
training,4EDK_A,109
training,4EE6_A,346
training,4EFO_A,128
training,4EFP_A,273
training,4EGC_B,179
training,4EHC_A,108
training,4EI7_A,156
training,4EJQ_A,74
training,4EJY_A,146
training,4EKF_A,188
training,4EO0_A,100
training,4ES1_A,115
training,4ES8_A,414
training,4ESQ_A,208
training,4ETN_A,156
training,4EUN_A,66
training,4EUO_A,305
training,4EVU_A,47
training,4EVY_A,52
training,4EWF_A,126
training,4EXO_A,106
training,4EZG_A,197
training,4F03_A,236
training,4F0W_A,206
training,4F1J_A,150
training,4F2F_A,88
training,4F2L_A,50
training,4F3V_A,157
training,4F67_A,120
training,4F8Y_A,162
training,4FB2_A,382
training,4FBC_A,386
training,4FC9_A,97
training,4FCJ_A,69
training,4FDB_A,35
training,4FFU_A,183
training,4FH0_A,80
training,4FK9_A,435
training,4FN7_A,292
training,4FOJ_A,169
training,4FQN_A,83
training,4FTF_A,141
training,4FVG_A,93
training,4FX5_A,336
training,4FYP_A,92
training,4FZP_A,60
training,4G22_A,185
training,4G2E_A,190
training,4G2U_A,169
training,4G4K_A,136
training,4G54_A,213
training,4G78_A,160
training,4G7X_A,113
training,4G7X_B,109
training,4G9Q_A,152
training,4GB5_A,84
training,4GB7_A,318
training,4GBF_A,150
training,4GCI_A,91
training,4GF3_A,91
training,4GF3_B,31
training,4GGC_A,409
training,4GHN_A,336
training,4GIM_A,229
training,4GIO_A,77
training,4GIW_A,77
training,4GNE_A,111
training,4GOQ_A,40
training,4GOS_A,88
training,4GQZ_A,103
training,4GT8_A,85
training,4GT9_A,125
training,4GUC_A,135
training,4GVB_A,80
training,4GVQ_A,285
training,4GWB_A,202
training,4GXB_A,206
training,4H08_A,259
training,4H0C_A,90
training,4H14_A,191
training,4H27_A,264
training,4H5I_A,215
training,4H7Y_A,76
training,4H87_A,58
training,4H89_A,154
training,4H8E_A,123
training,4H8Q_A,76
training,4H9N_C,129
training,4HA4_A,479
training,4HAD_A,211
training,4HB9_A,138
training,4HC9_A,83
training,4HFQ_A,174
training,4HG2_A,272
training,4HH3_C,148
training,4HKH_A,78
training,4HMS_A,243
training,4HN9_A,141
training,4HOI_A,52
training,4HR3_A,481
training,4HS1_A,88
training,4HSQ_A,203
training,4HST_B,441
training,4HTF_A,118
training,4HTL_A,146
training,4HVK_A,208
training,4HW6_A,272
training,4HWC_A,66
training,4I0N_A,222
training,4I0W_A,46
training,4I0X_A,43
training,4I1K_A,102
training,4I66_A,140
training,4I71_A,267
training,4I90_A,140
training,4IA6_A,476
training,4IBN_A,120
training,4IC4_A,251
training,4ICI_A,168
training,4ICV_A,86
training,4IFA_A,167
training,4IGI_A,191
training,4IHU_A,153
training,4IIK_A,115
training,4IIY_A,295
training,4IKN_A,110
training,4INW_A,141
training,4IO2_A,234
training,4IPI_A,339
training,4ITB_A,317
training,4ITJ_A,202
training,4IUM_A,135
training,4IUS_A,239
training,4IVK_A,173
training,4IX3_A,385
training,4IYK_A,73
training,4IZE_A,109
training,4J1O_A,296
training,4J1V_A,125
training,4J25_A,88
training,4J27_A,543
training,4J32_A,63
training,4J37_A,163
training,4J42_A,60
training,4J7N_A,335
training,4J7Q_A,137
training,4J8L_A,216
training,4J8S_A,187
training,4J9Y_B,70
training,4JB3_A,184
training,4JBB_A,81
training,4JBD_A,333
training,4JDU_A,90
training,4JF3_A,95
training,4JHC_A,92
training,4JK8_A,230
training,4JMP_A,204
training,4JND_A,192
training,4JNU_A,29
training,4JP6_A,130
training,4JW0_A,48
training,4K00_A,70
training,4K29_A,187
training,4K3Z_A,262
training,4K4K_A,107
training,4K7B_A,68
training,4K7C_A,312
training,4K7Z_A,360
training,4K82_A,105
training,4K84_A,195
training,4K8G_A,456
training,4K8W_A,76
training,4KBX_A,169
training,4KGD_A,656
training,4KH8_A,292
training,4KM6_A,105
training,4KMR_A,197
training,4KNK_A,253
training,4KOA_A,241
training,4KOP_A,84
training,4KQ9_A,125
training,4KQI_A,208
training,4KS7_A,205
training,4KT3_A,160
training,4KT6_A,173
training,4KT6_B,120
training,4KTW_A,148
training,4KU0_D,73
training,4KV2_A,81
training,4KV7_A,442
training,4L0C_A,289
training,4L0N_A,62
training,4L1J_A,75
training,4L2H_A,387
training,4L4E_A,383
training,4L57_A,208
training,4L5E_A,54
training,4L9O_A,137
training,4L9P_A,304
training,4LA2_A,174
training,4LAN_A,157
training,4LB0_A,185
training,4LBH_A,56
training,4LCL_A,180
training,4LFL_A,74
training,4LGJ_A,240
training,4LOW_A,35
training,4LPL_A,111
training,4LPQ_A,148
training,4LPS_A,115
training,4LQ4_A,198
training,4LR2_A,228
training,4LUA_A,70
training,4LUK_A,106
training,4LUP_A,96
training,4LUQ_C,71
training,4LX2_A,189
training,4LYP_A,568
training,4LZL_A,175
training,4M0N_A,78
training,4M1U_A,338
training,4M2M_A,496
training,4M51_A,441
training,4M68_A,205
training,4M6B_C,9
training,4M7T_A,215
training,4M82_A,446
training,4M85_A,100
training,4M8K_A,146
training,4M91_A,172
training,4MAI_A,139
training,4MAK_A,81
training,4MAM_A,407
training,4MAX_A,91
training,4MCO_A,411
training,4MDA_A,144
training,4MDY_A,159
training,4ME2_A,109
training,4MEW_A,253
training,4MF5_A,243
training,4MFI_A,391
training,4MIY_A,259
training,4MLM_A,102
training,4MMW_A,344
training,4MNN_A,106
training,4MNO_A,79
training,4MQ3_A,138
training,4MR0_A,235
training,4MS4_B,187
training,4MUP_A,309
training,4MUV_A,158
training,4MXN_A,82
training,4MXT_A,171
training,4MYK_A,115
training,4MYV_A,172
training,4MYZ_A,20
training,4MZA_A,178
training,4MZC_A,147
training,4MZD_A,425
training,4MZJ_A,128
training,4N0R_A,379
training,4N13_A,125
training,4N2P_A,154
training,4N3T_A,65
training,4N4U_A,196
training,4N6K_A,314
training,4NB5_A,144
training,4NC6_A,250
training,4NDO_A,134
training,4NJH_A,118
training,4NL9_A,72
training,4NMY_A,187
training,4NN2_A,149
training,4NN5_B,103
training,4NOG_A,541
training,4NOH_A,137
training,4NTD_A,123
training,4NUT_B,15
training,4NWY_A,68
training,4NZK_A,238
training,4O06_A,83
training,4O5F_A,207
training,4O65_A,68
training,4O7H_A,117
training,4O7J_A,73
training,4O87_A,189
training,4O8M_A,391
training,4O9K_A,81
training,4O9L_A,149
training,4OD7_A,167
training,4OE9_A,108
training,4OHC_A,162
training,4OHJ_A,193
training,4OHN_A,234
training,4OI3_A,85
training,4OIE_A,99
training,4OJX_A,201
training,4OMB_A,133
training,4OMF_B,126
training,4OPW_A,189
training,4OUH_A,107
training,4OUS_A,121
training,4OVK_A,166
training,4OVY_A,112
training,4OWT_C,26
training,4OZW_A,158
training,4P0G_A,530
training,4P0T_A,102
training,4P17_A,383
training,4P1E_A,183
training,4P2I_A,135
training,4P3F_A,144
training,4P3V_A,75
training,4P40_A,210
training,4P5E_A,136
training,4P7O_A,307
training,4P9I_A,206
training,4PAG_A,175
training,4PC9_A,357
training,4PED_A,212
training,4PF3_A,160
training,4PF4_A,269
training,4PF6_A,242
training,4PFY_A,558
training,4PH2_A,159
training,4PHQ_A,145
training,4PHR_A,177
training,4PIB_A,44
training,4PJ2_A,97
training,4PKM_A,342
training,4PMO_A,158
training,4PMX_A,292
training,4PNE_A,116
training,4PNO_A,46
training,4PO5_A,87
training,4PP4_A,182
training,4PQG_A,248
training,4PQH_A,245
training,4PUI_A,74
training,4PUX_A,118
training,4PVK_A,413
training,4PW0_A,192
training,4Q14_A,85
training,4Q2S_A,65
training,4Q4W_3,264
training,4Q53_A,70
training,4Q5W_A,233
training,4Q6U_A,127
training,4Q7O_A,109
training,4Q7Q_A,114
training,4Q8K_A,145
training,4QAS_A,145
training,4QBU_A,260
training,4QDC_A,156
training,4QEK_A,265
training,4QFU_A,308
training,4QGP_A,42
training,4QHQ_A,191
training,4QI3_A,105
training,4QIT_A,444
training,4QJV_A,356
training,4QJV_B,125
training,4QKD_A,260
training,4QLX_A,108
training,4QMD_A,222
training,4QOS_A,127
training,4QPN_A,168
training,4QPT_A,198
training,4QPW_A,209
training,4QRN_A,508
training,4QT6_A,89
training,4QXL_A,86
training,4QYW_A,66
training,4R12_A,235
training,4R16_A,478
training,4R1D_B,320
training,4R2X_A,193
training,4R3N_A,161
training,4R4K_A,78
training,4R6H_A,312
training,4R75_A,377
training,4R78_A,296
training,4R81_A,79
training,4RAJ_A,87
training,4RBR_A,149
training,4RCJ_A,160
training,4RD8_A,96
training,4RDB_A,285
training,4RDZ_A,208
training,4REI_A,118
training,4RJ2_A,202
training,4RJW_A,382
training,4RK6_A,94
training,4RKQ_A,145
training,4RO3_A,43
training,4RPT_A,145
training,4RS7_A,89
training,4RT1_A,85
training,4RT5_A,78
training,4RU1_A,319
training,4RU5_A,574
training,4RUW_A,366
training,4RVQ_A,142
training,4RWU_A,104
training,4RXT_A,228
training,4RY1_A,381
training,4RY9_A,205
training,4RZ4_A,146
training,4S12_A,299
training,4S1P_A,104
training,4S28_A,350
training,4S39_A,199
training,4S3K_A,286
training,4TKZ_A,50
training,4TLV_A,378
training,4TMD_A,86
training,4TME_A,89
training,4TMX_A,231
training,4TQR_A,130
training,4TR3_A,84
training,4TR6_A,147
training,4TV5_A,128
training,4TVE_A,243
training,4TYZ_A,98
training,4U3E_A,273
training,4U5H_A,90
training,4U63_A,247
training,4U8F_A,275
training,4U9H_L,527
training,4UA8_A,465
training,4UAS_A,291
training,4UDG_A,263
training,4UDS_A,118
training,4UF7_C,72
training,4UIQ_A,56
training,4UOS_A,117
training,4UP0_A,40
training,4UPI_A,459
training,4UQX_A,264
training,4US5_A,174
training,4USK_A,257
training,4UT1_A,214
training,4UU3_A,263
training,4UVQ_A,195
training,4UWM_A,152
training,4UWX_A,138
training,4UYR_A,159
training,4UZG_A,391
training,4V00_A,215
training,4V0H_A,95
training,4V1J_A,67
training,4V1S_A,255
training,4V2P_A,263
training,4V33_A,335
training,4V3L_C,54
training,4W6Y_A,99
training,4W78_B,106
training,4W79_A,144
training,4W8H_A,124
training,4W8P_A,176
training,4W9Z_A,201
training,4WBJ_A,229
training,4WCK_A,257
training,4WD1_A,360
training,4WE2_A,252
training,4WFV_A,67
training,4WH5_A,107
training,4WHI_A,67
training,4WHS_A,213
training,4WJM_A,179
training,4WJT_A,125
training,4WK7_A,183
training,4WN5_A,113
training,4WP2_A,20
training,4WP9_A,176
training,4WPK_A,265
training,4WQK_A,107
training,4WT7_A,253
training,4WTX_A,83
training,4WU0_A,314
training,4WW7_A,97
training,4WW7_B,101
training,4WX0_A,165
training,4WY4_A,35
training,4WY4_C,41
training,4WZ0_A,49
training,4X00_A,309
training,4X0J_A,132
training,4X28_A,125
training,4X2H_A,104
training,4X2P_A,271
training,4X2R_A,222
training,4X5P_A,187
training,4X7K_A,208
training,4X8E_A,282
training,4X90_A,158
training,4X9T_A,306
training,4X9X_A,200
training,4XA9_A,141
training,4XAB_A,115
training,4XB6_A,100
training,4XB6_C,341
training,4XBA_A,136
training,4XCV_A,296
training,4XDU_A,198
training,4XFJ_A,361
training,4XFM_A,204
training,4XHF_A,204
training,4XIJ_A,325
training,4XKZ_A,146
training,4XOT_A,666
training,4XQ7_A,336
training,4XQM_A,133
training,4XRM_A,29
training,4XRW_A,151
training,4XSL_A,325
training,4XTB_A,76
training,4XTV_A,328
training,4XWW_A,217
training,4XXL_A,118
training,4XXT_A,117
training,4Y0C_A,102
training,4Y0H_A,228
training,4Y1W_A,157
training,4Y7S_A,55
training,4Y88_A,62
training,4Y9W_A,335
training,4YAM_A,200
training,4YBR_A,81
training,4YDP_A,55
training,4YE7_A,88
training,4YFB_A,183
training,4YFU_A,286
training,4YI8_A,157
training,4YKI_A,290
training,4YL8_B,26
training,4YLA_A,404
training,4YNH_A,75
training,4YNX_A,29
training,4YSI_A,168
training,4YTD_A,67
training,4YVO_A,117
training,4YWZ_A,83
training,4YYC_A,320
training,4YYF_A,196
training,4YZG_A,146
training,4YZO_A,197
training,4YZZ_A,476
training,4Z2O_A,103
training,4Z48_A,164
training,4Z4A_A,24
training,4Z67_A,140
training,4Z9D_A,138
training,4Z9H_A,114
training,4ZA2_A,233
training,4ZBL_A,134
training,4ZBO_A,327
training,4ZF7_A,46
training,4ZFL_A,253
training,4ZHB_A,156
training,4ZIL_A,153
training,4ZJU_A,256
training,4ZKQ_A,188
training,4ZLD_A,95
training,4ZMK_A,32
training,4ZOY_A,324
training,4ZQB_A,207
training,4ZR7_A,56
training,4ZUR_A,452
training,4ZXG_A,88
training,5A04_A,343
training,5A0L_A,175
training,5A0N_A,204
training,5A10_A,308
training,5A12_A,295
training,5A2G_A,452
training,5A3Y_A,287
training,5A4A_A,183
training,5A67_A,148
training,5A6M_A,465
training,5A7V_A,390
training,5A8J_A,228
training,5A96_A,154
training,5A9T_A,103
training,5ACS_A,206
training,5AF3_A,111
training,5AF7_A,365
training,5AFO_A,286
training,5AIZ_A,97
training,5AJG_A,230
training,5AMT_A,127
training,5AOT_A,104
training,5APG_A,105
training,5B1R_A,133
training,5B3K_A,98
training,5B3P_A,63
training,5B4B_A,234
training,5B66_A,136
training,5B6D_A,199
training,5B7H_A,192
training,5B8D_A,57
training,5BJX_A,271
training,5BK9_A,299
training,5BO7_A,100
training,5BOW_A,126
training,5BP9_A,170
training,5BQP_A,110
training,5BS1_A,79
training,5BT9_A,134
training,5BTY_A,185
training,5BVA_A,195
training,5BXR_A,458
training,5BY7_A,203
training,5BY8_A,130
training,5BY8_B,78
training,5C0P_A,223
training,5C17_A,192
training,5C2I_A,287
training,5C33_A,205
training,5C5Z_A,110
training,5C79_A,80
training,5C8G_A,60
training,5C8L_A,89
training,5C8Z_A,112
training,5C98_A,255
training,5CEG_A,80
training,5CFJ_A,91
training,5CIY_A,422
training,5COW_A,117
training,5CR4_A,170
training,5CR9_A,153
training,5CV0_A,120
training,5CX7_A,97
training,5CYV_A,78
training,5CYZ_C,42
training,5CZC_A,156
training,5CZW_A,169
training,5D08_A,158
training,5D1I_A,74
training,5D3Q_A,245
training,5D3X_A,115
training,5D4V_A,109
training,5D6E_A,164
training,5D6O_A,399
training,5D78_A,95
training,5D84_A,250
training,5DEQ_A,135
training,5DGJ_A,106
training,5DHD_A,35
training,5DJH_A,181
training,5DLK_A,307
training,5DLO_A,61
training,5DM2_A,195
training,5DMH_A,319
training,5DMM_A,137
training,5DWA_A,230
training,5DXL_A,344
training,5E1W_A,210
training,5E3E_B,96
training,5E3Q_A,141
training,5E4B_A,232
training,5E71_A,145
training,5E9P_A,100
training,5ECK_A,452
training,5EDF_A,175
training,5EH1_A,108
training,5EHA_A,139
training,5EJ8_A,549
training,5EMI_A,162
training,5EN2_C,95
training,5EP6_A,18
training,5EPE_A,88
training,5EQW_A,71
training,5EU0_A,142
training,5EUR_A,76
training,5EVF_A,54
training,5EWO_A,150
training,5EWU_A,362
training,5EWY_A,68
training,5EXE_C,262
training,5EYN_A,292
training,5F47_A,174
training,5F4C_A,48
training,5F4W_A,161
training,5F6R_A,208
training,5FA8_A,98
training,5FAA_A,104
training,5FAF_A,64
training,5FAI_A,90
training,5FC2_B,238
training,5FC9_A,120
training,5FEW_A,190
training,5FGP_A,64
training,5FI3_A,299
training,5FPZ_A,125
training,5FRD_A,172
training,5FS4_A,119
training,5FS8_A,398
training,5FSV_A,132
training,5FTW_A,236
training,5FU5_A,81
training,5FUI_A,115
training,5FVN_A,248
training,5G3X_A,118
training,5G4I_A,392
training,5G5C_A,157
training,5G5Y_A,361
training,5GI7_A,240
training,5GK1_A,285
training,5GMT_A,244
training,5GPO_A,99
training,5GQI_A,155
training,5GUD_A,459
training,5GWN_A,500
training,5GYR_A,102
training,5H06_A,588
training,5H0J_A,121
training,5H0M_A,83
training,5H28_A,290
training,5H2D_A,419
training,5H3V_A,70
training,5H4E_A,438
training,5H4S_A,301
training,5H5F_A,227
training,5H6T_A,341
training,5H6X_A,66
training,5H7K_A,304
training,5H9N_A,170
training,5HB6_A,140
training,5HB7_A,154
training,5HD9_A,138
training,5HDI_A,250
training,5HDM_A,395
training,5HGZ_A,171
training,5HJ9_A,98
training,5HJF_A,165
training,5HJM_A,271
training,5HKL_A,82
training,5HKQ_A,95
training,5HNV_A,226
training,5HOB_A,47
training,5HOK_A,67
training,5HQJ_A,196
training,5HRA_A,216
training,5HT2_A,127
training,5HTX_A,279
training,5HWN_A,289
training,5HX0_A,261
training,5HYZ_A,232
training,5HZD_A,404
training,5I1U_A,226
training,5I32_A,114
training,5I39_A,428
training,5I3E_A,288
training,5I5D_A,226
training,5I5N_A,112
training,5I90_A,326
training,5I95_A,361
training,5IB0_A,54
training,5IBW_C,65
training,5IBZ_A,366
training,5IG6_A,152
training,5IGI_A,393
training,5II8_A,129
training,5IL2_B,140
training,5ILB_A,407
training,5IMU_A,305
training,5INR_A,529
training,5IO9_A,106
training,5IQJ_A,51
training,5IRC_A,194
training,5ITQ_A,254
training,5IU1_A,78
training,5IWH_A,112
training,5IXG_A,143
training,5IXH_A,94
training,5IZ3_A,211
training,5IZA_A,192
training,5J1N_A,202
training,5J71_A,199
training,5J92_A,222
training,5JBL_A,68
training,5JBN_A,55
training,5JBR_A,117
training,5JCA_L,315
training,5JCA_S,271
training,5JCI_A,327
training,5JDA_A,190
training,5JDK_A,158
training,5JI7_A,220
training,5JIC_A,253
training,5JJ2_A,147
training,5JKJ_A,483
training,5JLB_A,139
training,5JNV_A,160
training,5JUG_A,203
training,5JWO_B,55
training,5K08_A,62
training,5K2X_A,383
training,5K34_A,155
training,5K4B_A,396
training,5KAR_A,314
training,5KD5_A,313
training,5KD6_A,237
training,5KLA_A,219
training,5KO5_A,208
training,5KTN_A,374
training,5KUC_A,290
training,5KVB_A,133
training,5KVS_A,256
training,5KWB_A,160
training,5KYC_B,350
training,5KZZ_A,47
training,5L0L_A,134
training,5L0V_A,367
training,5L16_A,154
training,5L20_A,116
training,5LAL_A,62
training,5LB7_A,67
training,5LDQ_A,75
training,5LE5_M,74
training,5LJP_A,113
training,5LS7_B,83
training,5LS7_D,89
training,5LSL_E,58
training,5LSV_A,255
training,5LU5_A,183
training,5LVO_A,308
training,5LW0_A,120
training,5LW3_A,261
training,5LX6_A,182
training,5LXX_A,411
training,5M0Y_B,61
training,5M1M_A,108
training,5M1P_A,211
training,5M26_A,148
training,5M2P_A,109
training,5M2Y_A,80
training,5M31_A,56
training,5M4B_A,340
training,5M72_B,9
training,5M7Y_A,245
training,5M97_A,37
training,5MBX_A,269
training,5MDR_A,100
training,5MDU_A,186
training,5MEB_A,57
training,5MFA_A,481
training,5MFO_A,85
training,5MGR_A,47
training,5MGW_A,334
training,5MH6_A,302
training,5MJR_A,173
training,5MK2_A,222
training,5MPT_A,183
training,5MQP_A,255
training,5MU9_A,273
training,5MUJ_A,220
training,5MV0_A,146
training,5MWA_A,92
training,5MX9_A,340
training,5MZW_A,322
training,5MZW_B,292
training,5N5P_A,81
training,5N6F_A,202
training,5N8A_X,8
training,5NNA_A,276
training,5NRM_A,157
training,5NT7_A,43
training,5NUL_A,168
training,5NXK_A,110
training,5O0J_A,256
training,5O15_A,180
training,5O1L_A,164
training,5O29_A,749
training,5O2X_A,242
training,5O6T_A,33
training,5O9Q_A,318
training,5OI7_A,96
training,5OL4_B,154
training,5OLR_A,567
training,5OMT_A,102
training,5ONK_A,222
training,5OO7_A,114
training,5OR3_A,287
training,5OUO_A,279
training,5OVO_A,313
training,5OW0_A,199
training,5OW0_B,201
training,5Q22_A,199
training,5QHH_A,65
training,5QI0_A,173
training,5R7X_A,170
training,5R8Q_A,99
training,5RKZ_A,129
training,5SBF_A,172
training,5SV5_A,115
training,5SV6_A,253
training,5SWK_C,45
training,5T1P_A,209
training,5T1X_A,78
training,5T39_A,177
training,5T5I_A,211
training,5T5I_B,157
training,5T86_I,52
training,5T95_A,153
training,5T9Y_A,211
training,5TCB_A,109
training,5TDE_B,275
training,5TED_A,157
training,5TG0_A,124
training,5THK_A,317
training,5TIP_A,173
training,5TJ3_A,471
training,5TK2_A,114
training,5TLE_A,288
training,5TMA_A,336
training,5TNY_A,103
training,5TPI_A,133
training,5TQI_A,274
training,5TQJ_A,142
training,5TSQ_A,140
training,5TTA_A,109
training,5TVO_A,173
training,5TVO_B,66
training,5TWA_A,58
training,5TXK_A,250
training,5TZP_A,108
training,5U22_A,293
training,5U2L_A,87
training,5U3A_A,584
training,5U4H_A,524
training,5U4S_A,155
training,5U5O_A,306
training,5U8U_A,172
training,5UAM_A,367
training,5UB3_A,132
training,5UBA_A,174
training,5UCS_A,223
training,5UEB_A,151
training,5UFY_A,180
training,5UGZ_A,110
training,5UJC_A,212
training,5ULB_A,249
training,5UM2_A,210
training,5UMF_A,191
training,5UMR_A,46
training,5UMU_A,114
training,5UQD_A,133
training,5UQZ_A,356
training,5UUK_A,60
training,5UVD_A,227
training,5UVG_A,144
training,5UX1_A,126
training,5V0M_A,101
training,5V44_A,85
training,5VBI_A,322
training,5VGB_B,39
training,5VGT_A,59
training,5VHV_A,333
training,5VJI_A,21
training,5VJI_C,41
training,5VN4_A,262
training,5VTL_A,273
training,5VUG_A,244
training,5VX1_A,142
training,5W0G_A,55
training,5W0H_A,79
training,5W5R_A,334
training,5W7Z_A,253
training,5W82_A,84
training,5WAN_A,154
training,5WB4_A,50
training,5WD6_A,98
training,5WEC_A,120
training,5WKR_A,112
training,5WQV_A,48
training,5WSF_A,136
training,5WWW_A,58
training,5WXU_A,229
training,5WZQ_A,464
training,5X2E_A,34
training,5X40_A,201
training,5X49_A,337
training,5X4R_A,262
training,5X4T_A,279
training,5X5V_A,205
training,5X6S_A,188
training,5XAV_A,403
training,5XB6_A,352
training,5XBF_B,55
training,5XBI_A,185
training,5XBN_A,62
training,5XBU_A,197
training,5XDC_A,277
training,5XEY_A,218
training,5XI8_A,139
training,5XK6_A,243
training,5XKA_A,160
training,5XKT_A,146
training,5XLY_A,274
training,5XLY_B,134
training,5XMZ_A,113
training,5XPV_A,60
training,5XTA_A,39
training,5XVE_A,302
training,5XVR_A,232
training,5Y1A_A,309
training,5Y4U_A,60
training,5Y6H_A,56
training,5Y90_A,160
training,5Y9Q_A,102
training,5Y9X_A,204
training,5Y9Z_A,227
training,5YDD_A,70
training,5YDV_A,96
training,5YGB_A,234
training,5YI7_A,63
training,5YKR_A,414
training,5YO8_A,186
training,5YOB_A,175
training,5YQJ_A,208
training,5YRV_A,426
training,5YRV_B,137
training,5YRV_C,133
training,5YSE_A,271
training,5YU3_A,302
training,5YVK_A,172
training,5Z0D_A,199
training,5Z3E_A,426
training,5Z3K_A,440
training,5Z51_A,164
training,5Z6D_A,86
training,5Z8O_A,111
training,5Z9Y_A,96
training,5ZCY_A,62
training,5ZHO_A,167
training,5ZJ0_A,114
training,5ZKM_A,74
training,5ZKT_A,28
training,5ZMO_A,61
training,5ZNT_A,212
training,5ZOD_A,119
training,5ZON_A,116
training,5ZQA_A,146
training,5ZRY_A,85
training,5ZUM_A,407
training,5ZW7_A,261
training,5ZYF_A,65
training,5ZYN_B,196
training,5ZYU_A,206
training,6A02_A,180
training,6A15_A,207
training,6A71_A,69
training,6A8M_A,430
training,6A9S_A,257
training,6AC0_A,73
training,6AC5_A,66
training,6AE8_C,7
training,6AKZ_A,216
training,6AMG_A,86
training,6AO8_A,209
training,6APE_A,183
training,6AVD_A,45
training,6AVX_A,268
training,6B12_B,88
training,6B29_A,55
training,6B2V_A,239
training,6B2Y_A,191
training,6B4E_A,142
training,6B5K_A,165
training,6B7P_A,224
training,6B9X_E,50
training,6BA9_A,212
training,6BCB_A,146
training,6BIO_A,396
training,6BK0_A,429
training,6BKA_A,233
training,6BLH_G,26
training,6BLQ_B,156
training,6BM5_A,310
training,6BS8_A,72
training,6BSC_A,52
training,6BSQ_A,394
training,6BVC_A,51
training,6BXG_A,51
training,6C0Y_A,96
training,6C33_A,135
training,6C3C_A,415
training,6C3M_A,348
training,6C5B_A,252
training,6CB7_A,110
training,6CBN_A,428
training,6CBR_A,128
training,6CBU_A,97
training,6CCD_A,61
training,6CD7_A,282
training,6CKA_A,73
training,6CKM_A,184
training,6CN9_A,120
training,6CNW_A,82
training,6COJ_A,201
training,6COJ_B,172
training,6CPB_A,120
training,6CR0_A,148
training,6CTZ_A,219
training,6CUM_A,24
training,6D0G_A,137
training,6D2C_A,163
training,6D7Y_A,44
training,6D9T_A,182
training,6D9Y_A,214
training,6DAO_A,304
training,6DCD_A,201
training,6DCJ_A,237
training,6DCM_A,86
training,6DG4_A,285
training,6DGG_A,86
training,6DKN_A,180
training,6DKQ_A,56
training,6DNM_A,107
training,6DNT_A,208
training,6DNV_A,130
training,6DQH_A,176
training,6DQP_A,80
training,6DQX_A,238
training,6DRE_B,156
training,6DRS_A,124
training,6DX1_A,121
training,6E0K_A,334
training,6E0V_A,521
training,6E1F_A,99
training,6E3A_A,59
training,6E4D_A,559
training,6E4L_A,133
training,6E60_A,558
training,6E7E_A,158
training,6ECT_A,158
training,6EDM_A,217
training,6EF6_A,145
training,6EFN_A,312
training,6EHB_A,197
training,6EHI_A,88
training,6EQE_A,368
training,6EQS_A,137
training,6ER1_A,79
training,6ER4_A,200
training,6ET0_A,197
training,6EUW_A,94
training,6EVN_A,38
training,6EWJ_A,178
training,6EWL_A,81
training,6EXM_A,88
training,6EXX_A,99
training,6F2E_A,158
training,6F45_A,49
training,6F45_D,126
training,6F4J_C,91
training,6F5C_A,52
training,6F5Z_A,148
training,6F5Z_C,44
training,6F8A_A,336
training,6F8P_A,160
training,6FDK_A,226
training,6FIH_A,227
training,6FJV_A,95
training,6FLF_A,166
training,6FM5_A,160
training,6FM7_A,443
training,6FPQ_A,130
training,6FSN_A,151
training,6FTF_B,350
training,6FTH_A,467
training,6FTO_A,34
training,6FTO_C,55
training,6FU9_A,65
training,6FU9_B,97
training,6FUC_A,302
training,6FVI_A,130
training,6FYJ_A,348
training,6FZ6_A,155
training,6G1I_A,202
training,6G4J_B,54
training,6G60_A,229
training,6G85_A,180
training,6G8Y_A,62
training,6G96_A,163
training,6GBI_A,67
training,6GCF_A,63
training,6GCV_A,99
training,6GCZ_A,290
training,6GDX_A,111
training,6GEH_A,264
training,6GG7_A,153
training,6GHT_A,181
training,6GHU_A,40
training,6GI4_B,126
training,6GN5_A,87
training,6GNA_A,85
training,6GPZ_A,40
training,6GQ3_A,265
training,6GUG_A,206
training,6GZ0_A,94
training,6GZA_A,40
training,6H2R_A,227
training,6H2U_A,105
training,6H5W_A,400
training,6H6O_A,41
training,6H8G_A,30
training,6H96_A,107
training,6HBV_A,373
training,6HCD_A,47
training,6HCW_A,467
training,6HEI_A,138
training,6HEM_A,172
training,6HFZ_A,186
training,6HGM_B,33
training,6HIU_A,128
training,6HPH_A,484
training,6HSA_A,179
training,6HSJ_A,277
training,6HTJ_A,128
training,6HTO_A,366
training,6I05_A,87
training,6I1M_A,71
training,6I3Q_A,430
training,6I50_A,97
training,6I9A_A,593
training,6IBE_A,114
training,6ICN_A,330
training,6IF4_A,32
training,6IFF_A,256
training,6IGG_A,203
training,6IH0_A,330
training,6IHR_A,226
training,6IIY_A,224
training,6IJN_A,262
training,6IK4_A,140
training,6ILU_A,89
training,6IN9_C,21
training,6IS8_A,140
training,6IST_A,44
training,6IUX_A,302
training,6IWD_B,39
training,6IX2_A,560
training,6IX8_A,336
training,6IXL_A,255
training,6IZH_A,133
training,6J27_A,124
training,6J4P_A,365
training,6J56_A,82
training,6J6P_A,122
training,6J6V_A,43
training,6J93_A,189
training,6J9L_A,60
training,6J9L_E,42
training,6JAL_A,586
training,6JCC_A,59
training,6JCH_A,249
training,6JH7_A,151
training,6JI6_A,268
training,6JIE_A,76
training,6JKK_A,175
training,6JMK_A,77
training,6JNY_A,89
training,6JQB_A,351
training,6JSA_A,111
training,6JUF_A,231
training,6JV0_A,199
training,6JV7_A,27
training,6JX3_B,59
training,6JY1_A,145
training,6JYZ_A,496
training,6JZ2_A,393
training,6K06_A,10
training,6K1T_A,213
training,6K7Z_A,235
training,6K82_B,202
training,6KBX_B,215
training,6KFN_A,332
training,6KIA_A,188
training,6KII_A,370
training,6KJK_A,136
training,6KLI_A,377
training,6KM7_C,17
training,6KME_A,108
training,6KMO_A,466
training,6KP5_A,115
training,6KPL_A,188
training,6KQS_A,517
training,6KRI_A,564
training,6KTK_A,299
training,6KZJ_A,25
training,6KZJ_B,19
training,6L0O_A,29
training,6L1M_A,144
training,6L1O_A,165
training,6L2A_A,46
training,6L4P_B,76
training,6L4V_A,238
training,6L5T_A,114
training,6L7Q_A,184
training,6LAC_A,86
training,6LCH_A,255
training,6LCQ_A,57
training,6LH8_A,119
training,6LHY_A,128
training,6LIY_A,101
training,6LJE_A,104
training,6LJH_A,213
training,6LKK_A,243
training,6LN3_A,87
training,6LU2_A,281
training,6LV0_A,247
training,6LZH_A,183
training,6M0Q_B,35
training,6M2O_A,604
training,6M64_A,142
training,6M7A_C,39
training,6M9M_A,295
training,6M9Z_A,257
training,6MBF_A,166
training,6MD5_A,145
training,6MF4_A,128
training,6MFU_A,163
training,6MIB_A,162
training,6MIC_A,103
training,6MNI_A,123
training,6MPR_A,548
training,6MRS_A,45
training,6MT7_A,232
training,6MX3_A,114
training,6N0A_A,198
training,6N0X_A,325
training,6N2C_A,341
training,6N2N_A,510
training,6N2N_B,219
training,6N4L_A,239
training,6N6J_A,182
training,6N7M_A,52
training,6N87_A,272
training,6ND7_A,168
training,6NE2_A,76
training,6NHX_A,230
training,6NIO_A,151
training,6NLP_A,177
training,6NLQ_A,134
training,6NNW_A,94
training,6NPC_A,321
training,6NQ4_A,141
training,6NQC_A,138
training,6NSV_A,96
training,6NU8_A,455
training,6NUC_C,10
training,6NX5_A,81
training,6NXC_A,122
training,6NY9_B,132
training,6NYQ_C,134
training,6NZ4_A,238
training,6NZS_A,652
training,6O0A_A,254
training,6O15_A,272
training,6O2V_A,160
training,6O5I_A,415
training,6O6J_A,302
training,6O8L_A,58
training,6OAE_A,103
training,6OD3_A,21
training,6OG4_C,31
training,6OH9_A,241
training,6OJ1_A,109
training,6OJL_A,440
training,6OJM_A,207
training,6OK1_A,189
training,6OK1_B,71
training,6OM4_A,237
training,6OMP_A,375
training,6ON6_A,41
training,6ONB_A,58
training,6ONF_A,146
training,6ORI_A,422
training,6OSX_A,67
training,6OVM_R,222
training,6OXC_B,464
training,6P0Q_A,106
training,6P29_A,117
training,6P2D_A,377
training,6P2I_A,123
training,6P3N_A,149
training,6P4N_A,84
training,6P58_A,68
training,6P7Z_A,477
training,6P8J_A,306
training,6P8O_A,58
training,6PBM_A,250
training,6PCE_A,30
training,6PCK_A,106
training,6PCZ_A,304
training,6PFQ_A,74
training,6PFX_A,315
training,6PKH_A,219
training,6PT8_A,250
training,6PW7_A,157
training,6PWG_A,86
training,6PWY_A,173
training,6PX0_A,76
training,6PX4_A,60
training,6PY3_A,108
training,6PZD_A,428
training,6PZL_A,202
training,6Q1M_A,88
training,6Q75_A,127
training,6Q9C_A,68
training,6Q9L_A,130
training,6QAZ_A,119
training,6QDI_A,397
training,6QLA_A,265
training,6QPS_A,535
training,6QTS_A,185
training,6QVS_A,150
training,6QW0_A,76
training,6QXU_A,239
training,6QZ3_A,381
training,6R2M_A,500
training,6R2W_L,103
training,6R3Z_A,111
training,6R5W_A,56
training,6R7V_A,180
training,6RB7_A,296
training,6RCC_X,44
training,6RFG_A,56
training,6RIM_A,204
training,6RNV_A,242
training,6RS4_A,232
training,6RVQ_A,241
training,6RW0_A,207
training,6RWT_A,76
training,6RY0_A,495
training,6RYG_A,134
training,6RYZ_A,258
training,6S1H_A,386
training,6S2B_A,352
training,6S2M_A,216
training,6S2R_A,111
training,6S4C_A,107
training,6SA9_A,74
training,6SAO_A,395
training,6SCQ_A,49
training,6SE1_A,281
training,6SGF_A,88
training,6SHU_A,315
training,6SJ3_A,472
training,6SJQ_A,87
training,6SLD_A,301
training,6SNR_A,163
training,6SPO_A,447
training,6SQ2_D,21
training,6SQP_A,55
training,6SRE_A,274
training,6SSD_A,446
training,6SUN_A,196
training,6SWI_A,125
training,6SYI_A,166
training,6T2T_A,223
training,6T3X_A,84
training,6T6E_A,24
training,6T6H_A,244
training,6T85_A,590
training,6T9Q_A,88
training,6TAB_A,153
training,6TD7_A,142
training,6TFX_A,325
training,6TGK_C,72
training,6TGU_A,396
training,6THO_A,233
training,6TJ2_A,247
training,6TJR_A,243
training,6TM3_A,253
training,6TM6_A,98
training,6TNQ_A,37
training,6TOP_B,102
training,6TQ5_A,125
training,6TRJ_A,79
training,6TS3_A,98
training,6TT2_A,90
training,6TTN_A,298
training,6TV2_A,376
training,6TVE_P,485
training,6TYJ_A,65
training,6TYK_A,128
training,6TYU_A,96
training,6TZN_A,56
training,6U1R_A,361
training,6U1V_A,244
training,6UAE_A,67
training,6UAQ_A,267
training,6UBL_A,105
training,6UDV_A,104
training,6UEH_A,462
training,6UH2_A,132
training,6UKF_X,152
training,6ULO_A,367
training,6UMU_A,73
training,6UOF_A,123
training,6UQV_A,218
training,6USC_A,135
training,6UUT_A,304
training,6V1C_A,17
training,6V42_A,372
training,6V4M_A,98
training,6V67_A,48
training,6V9M_B,383
training,6VH6_A,192
training,6VJC_A,255
training,6VK6_A,359
training,6VK6_B,359
training,6VK6_C,168
training,6VLX_A,98
training,6VO6_A,221
training,6VRD_A,128
training,6W0V_B,110
training,6W54_A,116
training,6W9G_A,87
training,6WAO_A,225
training,6WFV_A,124
training,6WL5_A,106
training,6WMD_A,186
training,6WN5_A,103
training,6WQY_A,475
training,6WT8_A,242
training,6X38_A,107
training,6X42_X,122
training,6X6F_A,77
training,6X7N_A,191
training,6X7Q_A,212
training,6XAL_A,316
training,6XAW_B,6
training,6XB6_A,281
training,6XCQ_A,178
training,6XG7_A,196
training,6XHZ_A,156
training,6XIP_A,27
training,6XKG_A,200
training,6XLR_A,474
training,6XOJ_A,239
training,6XPJ_A,60
training,6XRR_C,17
training,6XRU_B,227
training,6XTD_A,141
training,6XUB_A,122
training,6XW5_A,160
training,6XYA_B,116
training,6XYB_A,48
training,6XZL_A,168
training,6XZU_B,68
training,6Y0D_A,89
training,6Y56_A,312
training,6Y8F_A,300
training,6Y9J_A,256
training,6YB5_A,98
training,6YB5_C,12
training,6YB7_A,257
training,6YDR_A,99
training,6YII_A,249
training,6YJI_A,294
training,6YKF_A,155
training,6YOO_A,113
training,6YSP_A,188
training,6YTB_B,96
training,6YV5_A,172
training,6Z2F_A,247
training,6Z2T_A,36
training,6Z68_A,322
training,6Z6E_A,101
training,6Z7A_A,206
training,6Z8H_A,138
training,6Z96_A,77
training,6ZBK_B,131
training,6ZDT_B,111
training,6ZE6_A,745
training,6ZEG_A,374
training,6ZGQ_A,84
training,6ZM8_A,308
training,6ZMP_A,133
training,6ZRN_C,36
training,6ZTI_A,359
training,6ZUS_A,74
training,6ZVO_A,87
training,6ZWA_A,79
training,6ZZJ_A,141
training,6ZZN_A,158
training,7A03_A,292
training,7A0Q_A,201
training,7A2U_A,43
training,7A31_A,69
training,7A35_A,77
training,7A38_A,45
training,7A3W_A,140
training,7A5M_A,90
training,7A73_A,313
training,7ACM_A,73
training,7ACW_B,17
training,7ADR_A,527
training,7AL1_A,32
training,7ALC_A,98
training,7ALJ_A,50
training,7ALZ_A,165
training,7ANI_A,87
training,7APE_A,230
training,7AQF_A,140
training,7ARW_A,146
training,7ASI_A,60
training,7AT0_A,251
training,7ATR_A,373
training,7AVK_A,95
training,7AVP_A,89
training,7B0X_D,76
training,7B3A_A,178
training,7B5W_A,74
training,7B62_A,112
training,7BBL_B,63
training,7BBL_E,44
training,7BBV_A,138
training,7BBX_A,460
training,7BC1_A,178
training,7BGG_A,295
training,7BIZ_A,552
training,7BJ9_A,156
training,7BLK_A,177
training,7BLL_A,467
training,7BMY_A,125
training,7BQP_A,268
training,7BRA_A,270
training,7BU2_A,227
training,7BUG_A,190
training,7BVD_A,301
training,7BX9_A,90
training,7BXD_A,190
training,7C0Y_A,292
training,7C1I_A,110
training,7C45_A,192
training,7C4H_A,159
training,7C64_A,443
training,7C7D_A,241
training,7C8F_A,199
training,7C8Q_A,139
training,7CAQ_A,80
training,7CCB_A,86
training,7CDY_A,503
training,7CIG_A,294
training,7CIW_A,137
training,7CIZ_D,46
training,7CKA_A,124
training,7CL8_A,507
training,7CLY_A,98
training,7CNP_A,702
training,7COH_A,209
training,7COH_E,50
training,7COH_G,34
training,7COH_I,21
training,7COH_L,24
training,7CQ3_A,293
training,7CRA_A,218
training,7CUP_A,152
training,7CX5_A,137
training,7CZ2_A,199
training,7D0E_A,55
training,7D18_A,188
training,7D1B_A,189
training,7D53_A,185
training,7D54_A,156
training,7D5M_A,261
training,7D9C_A,507
training,7DA0_B,111
training,7DA0_C,84
training,7DBL_A,200
training,7DBU_A,118
training,7DE2_A,141
training,7DF2_A,114
training,7DG2_A,132
training,7DG2_C,140
training,7DHF_A,154
training,7DHP_A,81
training,7DJM_A,165
training,7DM0_A,145
training,7DMA_B,92
training,7DMS_A,90
training,7DP4_A,148
training,7DPY_A,83
training,7DS6_A,241
training,7DU7_A,38
training,7E0M_A,223
training,7E1Q_A,456
training,7E4V_A,90
training,7E5V_A,149
training,7EE5_A,121
training,7EF0_A,149
training,7EHG_A,114
training,7EHR_A,282
training,7EHU_A,493
training,7EIF_A,110
training,7EJ3_A,386
training,7EK6_A,43
training,7EKD_A,212
training,7EL3_A,102
training,7ELV_E,93
training,7EPV_A,159
training,7ERQ_A,111
training,7ES0_A,372
training,7ESW_A,156
training,7ESX_A,241
training,7ET5_A,107
training,7EUN_A,252
training,7EWI_A,94
training,7EYL_A,110
training,7EZI_A,245
training,7F0Y_A,115
training,7F3S_A,80
training,7F69_A,194
training,7F6Q_A,230
training,7F82_A,230
training,7FCJ_A,86
training,7FCR_A,86
training,7FCT_A,101
training,7FDO_A,105
training,7FGN_A,118
training,7G83_B,182
training,7JGU_A,61
training,7JGW_A,85
training,7JID_A,297
training,7JJK_A,56
training,7JP2_A,336
training,7JTJ_A,182
training,7JV7_A,117
training,7JW2_A,194
training,7K3T_A,272
training,7K5L_A,71
training,7K67_A,224
training,7K7W_A,104
training,7KL7_A,95
training,7KLJ_A,247
training,7KMM_A,177
training,7KOM_A,165
training,7KPO_A,139
training,7KPU_A,151
training,7KRI_A,54
training,7KYX_A,200
training,7KZW_A,137
training,7L1J_A,135
training,7L71_A,135
training,7L9U_A,157
training,7LBV_A,223
training,7LCU_A,320
training,7LD8_A,243
training,7LD9_B,165
training,7LGA_A,80
training,7LGC_A,91
training,7LHK_A,219
training,7LJL_A,208
training,7LJN_A,437
training,7LJO_A,138
training,7LKL_A,232
training,7LKL_B,294
training,7LQ2_A,50
training,7LT2_A,338
training,7LV6_B,627
training,7LVM_A,160
training,7LWE_A,120
training,7M3X_A,394
training,7M5F_C,114
training,7M6B_A,108
training,7M7N_A,391
training,7MBJ_A,103
training,7MF4_A,318
training,7MIW_A,636
training,7MPR_A,218
training,7MS7_A,115
training,7MW7_A,71
training,7N6F_A,256
training,7N6H_A,318
training,7NCU_A,132
training,7NDJ_A,69
training,7NDY_G,50
training,7NER_A,35
training,7NES_A,54
training,7NFB_A,110
training,7NMQ_A,422
training,7NNA_A,81
training,7NNI_A,297
training,7NUV_A,105
training,7NX1_A,111
training,7NYQ_A,114
training,7NZA_A,136
training,7O06_C,58
training,7O21_A,184
training,7O4F_A,67
training,7O4M_A,272
training,7O4P_A,151
training,7O78_A,286
training,7O79_A,219
training,7O91_A,179
training,7O9O_A,194
training,7OCB_B,121
training,7ODC_A,299
training,7ODY_A,61
training,7OFV_A,187
training,7OH2_A,238
training,7OL3_A,476
training,7OLB_A,123
training,7OTS_A,148
training,7OUU_A,109
training,7OVU_A,93
training,7OYW_A,217
training,7P18_A,264
training,7P2M_A,120
training,7P5B_A,373
training,7PD1_A,329
training,7PE0_A,67
training,7PHD_A,138
training,7PK2_A,217
training,7PLJ_A,276
training,7PUH_A,210
training,7PVX_A,42
training,7PZ2_A,86
training,7Q0O_A,197
training,7Q2A_A,164
training,7Q47_A,100
training,7Q5V_A,151
training,7QCP_A,241
training,7QF6_A,276
training,7QF7_A,55
training,7QFG_A,166
training,7QFI_A,116
training,7QHG_A,209
training,7QI3_A,203
training,7QQI_A,394
training,7QS2_A,54
training,7QSP_A,57
training,7QSS_A,227
training,7QU5_A,151
training,7R65_A,237
training,7R7B_A,54
training,7RC2_A,348
training,7RF9_A,144
training,7RFQ_A,110
training,7RG8_A,151
training,7RGJ_A,73
training,7RLM_A,123
training,7RM7_A,163
training,7RPY_A,131
training,7RSW_A,102
training,7RT0_A,243
training,7RU7_A,172
training,7RW4_A,208
training,7RWS_A,224
training,7S16_A,175
training,7S4N_B,39
training,7S5A_A,90
training,7S5H_A,67
training,7S5O_A,166
training,7S7G_A,315
training,7S7J_A,64
training,7S7W_A,242
training,7SKE_A,114
training,7SNE_A,187
training,7SOQ_A,99
training,7T0Y_B,44
training,7T1M_A,101
training,7T24_A,401
training,7T6A_A,130
training,7T7Z_A,204
training,7TBR_A,126
training,7TCY_A,49
training,7TEM_A,248
training,7TJB_A,169
training,7TLH_A,54
training,7TOI_A,482
training,7TW9_A,269
training,7TXS_A,209
training,7TXY_B,116
training,7TZ4_A,282
training,7UBZ_B,68
training,7UHE_A,67
training,7ULN_A,248
training,7UNO_A,315
training,7UR7_A,36
training,7UW7_A,56
training,7UX0_A,46
training,7UX7_A,397
training,7UXR_A,93
training,7UYG_A,151
training,7UZO_A,84
training,7V5Z_A,58
training,7VB3_A,400
training,7VBO_A,129
training,7VF6_A,292
training,7VFQ_A,347
training,7VLM_A,173
training,7VNI_A,69
training,7VU2_A,281
training,7VYT_A,63
training,7W0I_A,238
training,7W13_A,83
training,7W27_C,80
training,7W2I_A,206
training,7W3N_A,65
training,7W5G_A,418
training,7W89_A,125
training,7WAB_A,250
training,7WBO_A,178
training,7WF8_A,87
training,7WN7_A,104
training,7WVT_A,418
training,7WW6_A,99
training,7WXM_A,251
training,7WZ5_A,74
training,7WZF_A,214
training,7X0H_A,293
training,7X5D_A,60
training,7X8V_A,69
training,7XG9_A,366
training,7XJR_A,309
training,7XPK_A,103
training,7XQ4_A,264
training,7XQA_A,355
training,7XSG_A,353
training,7XV9_A,65
training,7XYR_A,295
training,7XYT_A,170
training,7Y39_A,56
training,7Y3W_A,293
training,7Y43_A,110
training,7Y4H_A,178
training,7Y56_A,151
training,7Y6C_F,9
training,7Y73_A,121
training,7Y88_A,284
training,7Y8I_A,64
training,7YA9_A,56
training,7YAO_A,307
training,7YCU_A,65
training,7YF2_A,135
training,7YFU_A,30
training,7YLR_A,336
training,7YLS_A,76
training,7YLS_B,176
training,7YTU_B,33
training,7YUG_A,145
training,7YWG_A,207
training,7YZ7_A,155
training,7Z5Z_A,169
training,7Z76_A,89
training,7Z76_B,81
training,7Z76_C,141
training,7ZEI_A,200
training,7ZER_A,249
training,7ZJF_A,53
training,7ZKH_A,149
training,7ZP0_A,147
training,7ZS8_A,268
training,7ZSF_A,166
training,7ZTF_A,84
training,7ZYA_A,273
training,7ZZK_A,435
training,8A26_A,118
training,8A4O_D,176
training,8A7C_A,295
training,8A8S_A,77
training,8A9X_A,88
training,8AIF_A,163
training,8AJY_A,169
training,8AJY_B,62
training,8AK1_B,81
training,8AKH_A,242
training,8AKP_A,106
training,8AQK_A,33
training,8AQK_B,97
training,8AV2_A,68
training,8AXI_A,518
training,8AYJ_A,213
training,8AYV_A,213
training,8B2F_A,53
training,8B2Q_I,84
training,8B3E_A,328
training,8B5V_A,169
training,8B6E_A,28
training,8B97_A,175
training,8BAR_A,88
training,8BBT_A,121
training,8BD1_A,142
training,8BD1_B,143
training,8BFT_A,195
training,8BJ2_A,389
training,8BKD_A,170
training,8BRS_A,205
training,8BRS_B,441
training,8BYK_A,177
training,8C1N_A,203
training,8C3X_A,261
training,8C4P_A,100
training,8C5N_A,156
training,8CI9_C,109
training,8COZ_A,327
training,8CR4_A,308
training,8CYK_A,53
training,8D19_A,315
training,8D2Z_A,154
training,8D8S_A,319
training,8DC1_A,168
training,8DEZ_A,98
training,8DFI_A,52
training,8DMU_A,273
training,8DOR_A,245
training,8DQ3_A,157
training,8DSC_A,517
training,8DV0_A,101
training,8DYG_A,79
training,8E18_A,456
training,8EBG_A,328
training,8EBL_A,168
training,8EC3_A,82
training,8EEN_A,444
training,8F60_C,53
training,8FKL_A,223
training,8FNR_A,131
training,8FUM_B,315
training,8FX9_A,193
training,8G28_A,126
training,8G7X_A,135
training,8GPH_A,133
training,8GQC_A,128
training,8GQZ_A,389
training,8H0N_A,134
training,8H0T_A,130
training,8HCZ_A,388
training,8HD2_A,188
training,8HDJ_B,89
training,8HE0_B,4
training,8HKA_A,285
training,8I3F_A,130
training,8I5V_A,161
training,8IQC_A,106
training,8IUB_A,513
training,8IWI_A,136
training,8J0L_A,78
training,8J50_A,229
training,8JJ7_A,465
training,8OWF_A,402
training,8SU3_A,265
